pair_id,token_address,chain,dex_name,pair_address,base_token,quote_token,pair_created_at,pair_age_minutes,pair_age_hours,liquidity_usd,fdv,market_cap,fdv_liquidity_ratio,marketcap_liquidity_ratio,price_usd,volume_5m,volume_1h,volume_6h,volume_24h,volume_liquidity_ratio,txns_5m_buys,txns_5m_sells,txns_15m_buys,txns_15m_sells,txns_1h_buys,txns_1h_sells,txns_24h_buys,txns_24h_sells,total_txns_1h,total_txns_24h,buy_ratio,unique_buyers_15m,unique_buyers_1h,unique_buyers_24h,price_change_5m,price_change_1h,price_change_6h,price_change_24h,estimated_slippage_100_usd,raw_json,scan_time
base:0x7167292c71f541a1f1d722c1db55dc61775cc327d114f9d0a433a0d58cf85a77,0x34Ad856501D7566c06FdD8614DB9af3ff351Bd91,base,uniswap,0x7167292c71f541a1f1d722c1db55dc61775cc327d114f9d0a433a0d58cf85a77,TEN,WETH,2026-05-07T09:34:55+00:00,,1.986788606111111,72605.75,,,,,1.209e-05,,308558.0,676514.89,676514.89,,,,,,,,,,,,,,,,,-58.86,,602.0,,"{""baseToken"":{""address"":""0x34Ad856501D7566c06FdD8614DB9af3ff351Bd91"",""name"":""TEN Agent"",""symbol"":""TEN""},""chainId"":""base"",""dexId"":""uniswap"",""fdv"":120973,""info"":{""header"":""https://cdn.dexscreener.com/cms/images/MJGW0U-S8WGyWPlQ?width=1500&height=500&quality=95&format=auto"",""imageUrl"":""https://cdn.dexscreener.com/cms/images/vRqSvGBAC-1pQQU9?width=800&height=800&quality=95&format=auto"",""openGraph"":""https://cdn.dexscreener.com/token-images/og/base/0x34ad856501d7566c06fdd8614db9af3ff351bd91?timestamp=1778153700000"",""socials"":[],""websites"":[{""label"":""Website"",""url"":""https://github.com/ten-framework/ten-framework""}]},""labels"":[""v4""],""liquidity"":{""base"":3758936634,""quote"":11.6462,""usd"":72605.75},""marketCap"":120973,""pairAddress"":""0x7167292c71f541a1f1d722c1db55dc61775cc327d114f9d0a433a0d58cf85a77"",""pairCreatedAt"":1778146495000,""priceChange"":{""h1"":-58.86,""h24"":602,""h6"":602,""m5"":10.14},""priceNative"":""0.000000005192"",""priceUsd"":""0.00001209"",""quoteToken"":{""address"":""0x4200000000000000000000000000000000000006"",""name"":""Wrapped Ether"",""symbol"":""WETH""},""txns"":{""h1"":{""buys"":423,""sells"":283},""h24"":{""buys"":1079,""sells"":727},""h6"":{""buys"":1079,""sells"":727},""m5"":{""buys"":24,""sells"":8}},""url"":""https://dexscreener.com/base/0x7167292c71f541a1f1d722c1db55dc61775cc327d114f9d0a433a0d58cf85a77"",""volume"":{""h1"":308558,""h24"":676514.89,""h6"":676514.89,""m5"":16341.34}}",2026-05-07T11:34:07+00:00
base:0xffd679508685a599a3f29f78a57ede189e73809ad539230196bd1039baa6b4e4,0x26Aa6B2C2d9fcD83D42e6e32059743805a0D4aA1,base,uniswap,0xffd679508685a599a3f29f78a57ede189e73809ad539230196bd1039baa6b4e4,GACHA,flETH,2026-05-07T09:52:41+00:00,,1.6906774949999999,10037.54,,,,,1.003e-07,,43.4,50169.67,50169.67,,,,,,,,,,,,,,,,,-0.65,,-10.23,,"{""baseToken"":{""address"":""0x26Aa6B2C2d9fcD83D42e6e32059743805a0D4aA1"",""name"":""GachaGrid"",""symbol"":""GACHA""},""chainId"":""base"",""dexId"":""uniswap"",""fdv"":10037,""info"":{""header"":""https://cdn.dexscreener.com/cms/images/JdgdFoh-DnfkFxuD?width=1500&height=500&quality=95&format=auto"",""imageUrl"":""https://cdn.dexscreener.com/cms/images/eku-ONhYEOfpSEsu?width=800&height=800&quality=95&format=auto"",""openGraph"":""https://cdn.dexscreener.com/token-images/og/base/0x26aa6b2c2d9fcd83d42e6e32059743805a0d4aa1?timestamp=1778153700000"",""socials"":[{""type"":""twitter"",""url"":""https://x.com/TheGachaGrid""}],""websites"":[{""label"":""Website"",""url"":""https://gacha.fund/""}]},""labels"":[""v4""],""liquidity"":{""base"":99564250893,""quote"":0.01887,""usd"":10037.54},""marketCap"":10037,""pairAddress"":""0xffd679508685a599a3f29f78a57ede189e73809ad539230196bd1039baa6b4e4"",""pairCreatedAt"":1778147561000,""priceChange"":{""h1"":-0.65,""h24"":-10.23,""h6"":-10.23},""priceNative"":""0.00000000004313"",""priceUsd"":""0.0000001003"",""quoteToken"":{""address"":""0x000000000D564D5be76f7f0d28fE52605afC7Cf8"",""name"":""flETH"",""symbol"":""flETH""},""txns"":{""h1"":{""buys"":0,""sells"":1},""h24"":{""buys"":40,""sells"":41},""h6"":{""buys"":40,""sells"":41},""m5"":{""buys"":0,""sells"":0}},""url"":""https://dexscreener.com/base/0xffd679508685a599a3f29f78a57ede189e73809ad539230196bd1039baa6b4e4"",""volume"":{""h1"":43.4,""h24"":50169.67,""h6"":50169.67,""m5"":0}}",2026-05-07T11:34:07+00:00
base:0x361fe4debdbba6f69f0eded3634433c393645fd1f1ec60dd43d7b3fac40cca3c,0xB36A127dBa73F3aA7C70B4e00B7395B86A60e73b,base,uniswap,0x361fe4debdbba6f69f0eded3634433c393645fd1f1ec60dd43d7b3fac40cca3c,RUSH,flETH,2026-03-29T05:15:39+00:00,,942.7115939591667,30773.75,,,,,3.853e-07,,2.61,18173.16,22455.31,,,,,,,,,,,,,,,,,-0.04,,-19.32,,"{""baseToken"":{""address"":""0xB36A127dBa73F3aA7C70B4e00B7395B86A60e73b"",""name"":""RUSH GAME"",""symbol"":""RUSH""},""boosts"":{""active"":10},""chainId"":""base"",""dexId"":""uniswap"",""fdv"":38533,""info"":{""header"":""https://cdn.dexscreener.com/cms/images/U_napQnXFjTI_wsD?width=1500&height=500&quality=95&format=auto"",""imageUrl"":""https://cdn.dexscreener.com/cms/images/ScyTtP7vMIrcKJmL?width=800&height=800&quality=95&format=auto"",""openGraph"":""https://cdn.dexscreener.com/token-images/og/base/0xb36a127dba73f3aa7c70b4e00b7395b86a60e73b?timestamp=1778155200000"",""socials"":[{""type"":""twitter"",""url"":""https://x.com/rushgamewin""},{""type"":""telegram"",""url"":""https://t.me/rushgamevip""}],""websites"":[{""label"":""Website"",""url"":""https://www.rushgame.vip/""},{""label"":""Docs"",""url"":""https://www.rushgame.vip/docs""}]},""labels"":[""v4""],""liquidity"":{""base"":52740155688,""quote"":4.4902,""usd"":30773.75},""marketCap"":38533,""pairAddress"":""0x361fe4debdbba6f69f0eded3634433c393645fd1f1ec60dd43d7b3fac40cca3c"",""pairCreatedAt"":1774761339000,""priceChange"":{""h1"":-0.04,""h24"":-19.32,""h6"":-7.67},""priceNative"":""0.0000000001655"",""priceUsd"":""0.0000003853"",""quoteToken"":{""address"":""0x000000000D564D5be76f7f0d28fE52605afC7Cf8"",""name"":""flETH"",""symbol"":""flETH""},""txns"":{""h1"":{""buys"":0,""sells"":1},""h24"":{""buys"":6569,""sells"":6630},""h6"":{""buys"":6122,""sells"":6194},""m5"":{""buys"":0,""sells"":0}},""url"":""https://dexscreener.com/base/0x361fe4debdbba6f69f0eded3634433c393645fd1f1ec60dd43d7b3fac40cca3c"",""volume"":{""h1"":2.61,""h24"":22455.31,""h6"":18173.16,""m5"":0}}",2026-05-07T11:58:20+00:00
base:0xf059302a533f0e21667ed1a136df8ab6f53c5172c6c6eff013aaa7d49e2bae55,0x188Af2a5d8eB00e7D7Ad6e2611A3024345a6fB07,base,uniswap,0xf059302a533f0e21667ed1a136df8ab6f53c5172c6c6eff013aaa7d49e2bae55,ROYALE,WETH,2026-05-06T16:22:17+00:00,,19.601038403611113,122211.13,,,,,1.297e-06,,0.04,3462.68,15306.31,,,,,,,,,,,,,,,,,0.03,,428.0,,"{""baseToken"":{""address"":""0x188Af2a5d8eB00e7D7Ad6e2611A3024345a6fB07"",""name"":""Agent Royale"",""symbol"":""ROYALE""},""chainId"":""base"",""dexId"":""uniswap"",""fdv"":129756,""info"":{""header"":""https://cdn.dexscreener.com/cms/images/mnxo6clqgZvhddr2?width=1500&height=500&quality=95&format=auto"",""imageUrl"":""https://cdn.dexscreener.com/cms/images/Km9tPPgqk-5TGGbA?width=800&height=800&quality=95&format=auto"",""openGraph"":""https://cdn.dexscreener.com/token-images/og/base/0x188af2a5d8eb00e7d7ad6e2611a3024345a6fb07?timestamp=1778155200000"",""socials"":[{""type"":""twitter"",""url"":""https://x.com/AgentRoyaleBase""},{""type"":""telegram"",""url"":""https://t.me/AgentRoyaleBase""}],""websites"":[{""label"":""Website"",""url"":""https://agentroyale.tech/""}]},""labels"":[""v4""],""liquidity"":{""base"":87728519693,""quote"":3.598,""usd"":122211.13},""marketCap"":129756,""pairAddress"":""0xf059302a533f0e21667ed1a136df8ab6f53c5172c6c6eff013aaa7d49e2bae55"",""pairCreatedAt"":1778084537000,""priceChange"":{""h1"":0.03,""h24"":428,""h6"":20.4},""priceNative"":""0.0000000005572"",""priceUsd"":""0.000001297"",""quoteToken"":{""address"":""0x4200000000000000000000000000000000000006"",""name"":""Wrapped Ether"",""symbol"":""WETH""},""txns"":{""h1"":{""buys"":1,""sells"":0},""h24"":{""buys"":124,""sells"":128},""h6"":{""buys"":36,""sells"":11},""m5"":{""buys"":0,""sells"":0}},""url"":""https://dexscreener.com/base/0xf059302a533f0e21667ed1a136df8ab6f53c5172c6c6eff013aaa7d49e2bae55"",""volume"":{""h1"":0.04,""h24"":15306.31,""h6"":3462.68,""m5"":0}}",2026-05-07T11:58:20+00:00
base:0xdedce6aa7096497571d417d45b02e841bf0c467f57dba260bdf7454ac4489abd,0xAB3AF86f7E31A36b3df1848bD92301Df91f63B07,base,uniswap,0xdedce6aa7096497571d417d45b02e841bf0c467f57dba260bdf7454ac4489abd,sato,USDC,2026-05-07T11:47:37+00:00,,1.1837090644444446,,,,,,1e-05,,849.91,463081.53,463081.53,,,,,,,,,,,,,,,,,,,90982.0,,"{""baseToken"":{""address"":""0xAB3AF86f7E31A36b3df1848bD92301Df91f63B07"",""name"":""sato"",""symbol"":""sato""},""chainId"":""base"",""dexId"":""uniswap"",""fdv"":1000704,""info"":{""header"":""https://cdn.dexscreener.com/cms/images/Q_HBWUisylgLum7T?width=1500&height=500&quality=95&format=auto"",""imageUrl"":""https://cdn.dexscreener.com/cms/images/dbqqEVb4ydBRmdKP?width=800&height=800&quality=95&format=auto"",""openGraph"":""https://cdn.dexscreener.com/token-images/og/base/0xab3af86f7e31a36b3df1848bd92301df91f63b07?timestamp=1778158800000"",""socials"":[],""websites"":[{""label"":""Website"",""url"":""https://sat0.org/""}]},""labels"":[""v4""],""marketCap"":1000704,""pairAddress"":""0xdedce6aa7096497571d417d45b02e841bf0c467f57dba260bdf7454ac4489abd"",""pairCreatedAt"":1778154457000,""priceChange"":{""h24"":90982,""h6"":90982},""priceNative"":""0.00001000"",""priceUsd"":""0.00001000"",""quoteToken"":{""address"":""0x833589fCD6eDb6E08f4c7C32D4f71b54bdA02913"",""name"":""USD Coin"",""symbol"":""USDC""},""txns"":{""h1"":{""buys"":182,""sells"":177},""h24"":{""buys"":191,""sells"":178},""h6"":{""buys"":191,""sells"":178},""m5"":{""buys"":21,""sells"":21}},""url"":""https://dexscreener.com/base/0xdedce6aa7096497571d417d45b02e841bf0c467f57dba260bdf7454ac4489abd"",""volume"":{""h1"":849.91,""h24"":463081.53,""h6"":463081.53,""m5"":53.4}}",2026-05-07T12:58:38+00:00
base:0xf133B3D59AfE36897fDa1BE7e4b8111EfAf848E3,0x6e6A3b8B8376eA65B92aD3F93Fe046C186e56764,base,uniswap,0xf133B3D59AfE36897fDa1BE7e4b8111EfAf848E3,AIR,WETH,2026-05-07T07:07:25+00:00,,5.853709064444444,900.41,,,,,0.001083,,0.0,17.54,17.54,,,,,,,,,,,,,,,,,,,,,"{""baseToken"":{""address"":""0x6e6A3b8B8376eA65B92aD3F93Fe046C186e56764"",""name"":""AirCoin"",""symbol"":""AIR""},""chainId"":""base"",""dexId"":""uniswap"",""fdv"":8883390,""info"":{""imageUrl"":""https://cdn.dexscreener.com/cms/images/pO37iufz34h1BqHb?width=800&height=800&quality=95&format=auto"",""openGraph"":""https://cdn.dexscreener.com/token-images/og/base/0x6e6a3b8b8376ea65b92ad3f93fe046c186e56764?timestamp=1778158800000"",""socials"":[{""type"":""twitter"",""url"":""https://x.com/AirCoinHQ""},{""type"":""telegram"",""url"":""https://t.me/OfficialAirCoinGroup""}],""websites"":[{""label"":""Website"",""url"":""https://aircoinofficial.com""},{""label"":""Docs"",""url"":""https://raw.githubusercontent.com/luoweibo1/aircoin-/main/whitepaper.pdf""}]},""labels"":[""v3""],""liquidity"":{""base"":415597,""quote"":0.1924,""usd"":900.41},""marketCap"":8883390,""pairAddress"":""0xf133B3D59AfE36897fDa1BE7e4b8111EfAf848E3"",""pairCreatedAt"":1778137645000,""priceChange"":{},""priceNative"":""0.0000004632"",""priceUsd"":""0.001083"",""quoteToken"":{""address"":""0x4200000000000000000000000000000000000006"",""name"":""Wrapped Ether"",""symbol"":""WETH""},""txns"":{""h1"":{""buys"":0,""sells"":0},""h24"":{""buys"":0,""sells"":1},""h6"":{""buys"":0,""sells"":1},""m5"":{""buys"":0,""sells"":0}},""url"":""https://dexscreener.com/base/0xf133b3d59afe36897fda1be7e4b8111efaf848e3"",""volume"":{""h1"":0,""h24"":17.54,""h6"":17.54,""m5"":0}}",2026-05-07T12:58:38+00:00
base:0x52316a2ec4f71d0e5e67498966053d9331b775d82496447d95fd1620b0896c4d,0x5473bC1d0C564EB9db1391b195Fc0A5007Db5073,base,uniswap,0x52316a2ec4f71d0e5e67498966053d9331b775d82496447d95fd1620b0896c4d,CR,flETH,2026-05-07T12:09:41+00:00,,1.9250150905555556,10492.6,,,,,1.049e-07,,6661.9,17581.32,17581.32,,,,,,,,,,,,,,,,,-39.79,,2.25,,"{""baseToken"":{""address"":""0x5473bC1d0C564EB9db1391b195Fc0A5007Db5073"",""name"":""Clawd Ralph"",""symbol"":""CR""},""chainId"":""base"",""dexId"":""uniswap"",""fdv"":10499,""info"":{""header"":""https://cdn.dexscreener.com/cms/images/tYXUcrCcbmoADo1z?width=1500&height=500&quality=95&format=auto"",""imageUrl"":""https://cdn.dexscreener.com/cms/images/-zFHCFvTYXJ8Neze?width=800&height=800&quality=95&format=auto"",""openGraph"":""https://cdn.dexscreener.com/token-images/og/base/0x5473bc1d0c564eb9db1391b195fc0a5007db5073?timestamp=1778162700000"",""socials"":[{""type"":""twitter"",""url"":""https://x.com/clawdralph""}],""websites"":[{""label"":""Website"",""url"":""https://clawdralph.tech""}]},""labels"":[""v4""],""liquidity"":{""base"":97158077659,""quote"":0.1261,""usd"":10492.6},""marketCap"":10499,""pairAddress"":""0x52316a2ec4f71d0e5e67498966053d9331b775d82496447d95fd1620b0896c4d"",""pairCreatedAt"":1778155781000,""priceChange"":{""h1"":-39.79,""h24"":2.25,""h6"":2.25},""priceNative"":""0.00000000004531"",""priceUsd"":""0.0000001049"",""quoteToken"":{""address"":""0x000000000D564D5be76f7f0d28fE52605afC7Cf8"",""name"":""flETH"",""symbol"":""flETH""},""txns"":{""h1"":{""buys"":80,""sells"":34},""h24"":{""buys"":180,""sells"":54},""h6"":{""buys"":180,""sells"":54},""m5"":{""buys"":0,""sells"":0}},""url"":""https://dexscreener.com/base/0x52316a2ec4f71d0e5e67498966053d9331b775d82496447d95fd1620b0896c4d"",""volume"":{""h1"":6661.9,""h24"":17581.32,""h6"":17581.32,""m5"":0}}",2026-05-07T14:05:11+00:00
base:0x60a376c0669667d9d7a583198970b4a9283a3f765d3e9aa54801ee67e4664dc9,0xe1A4c41579756da0c981Ccf8C3cc0aab686f7324,base,uniswap,0x60a376c0669667d9d7a583198970b4a9283a3f765d3e9aa54801ee67e4664dc9,PHAI,WETH,2026-05-07T13:24:31+00:00,,0.6777928683333333,110909.52,,,,,1.936e-06,,251911.48,251911.48,251911.48,,,,,,,,,,,,,,,,,724.0,,724.0,,"{""baseToken"":{""address"":""0xe1A4c41579756da0c981Ccf8C3cc0aab686f7324"",""name"":""Pharmachain AI"",""symbol"":""PHAI""},""chainId"":""base"",""dexId"":""uniswap"",""fdv"":193625,""info"":{""header"":""https://cdn.dexscreener.com/cms/images/j6WOUidI4hFALBty?width=1500&height=500&quality=95&format=auto"",""imageUrl"":""https://cdn.dexscreener.com/cms/images/2JK9nZDRVKVU3ed9?width=800&height=800&quality=95&format=auto"",""openGraph"":""https://cdn.dexscreener.com/token-images/og/base/0xe1a4c41579756da0c981ccf8c3cc0aab686f7324?timestamp=1778162700000"",""socials"":[{""type"":""twitter"",""url"":""https://x.com/pharmachain_AI""}],""websites"":[]},""labels"":[""v4""],""liquidity"":{""base"":34743833967,""quote"":18.8658,""usd"":110909.52},""marketCap"":193625,""pairAddress"":""0x60a376c0669667d9d7a583198970b4a9283a3f765d3e9aa54801ee67e4664dc9"",""pairCreatedAt"":1778160271000,""priceChange"":{""h1"":724,""h24"":724,""h6"":724,""m5"":-12.36},""priceNative"":""0.0000000008371"",""priceUsd"":""0.000001936"",""quoteToken"":{""address"":""0x4200000000000000000000000000000000000006"",""name"":""Wrapped Ether"",""symbol"":""WETH""},""txns"":{""h1"":{""buys"":589,""sells"":296},""h24"":{""buys"":589,""sells"":296},""h6"":{""buys"":589,""sells"":296},""m5"":{""buys"":49,""sells"":31}},""url"":""https://dexscreener.com/base/0x60a376c0669667d9d7a583198970b4a9283a3f765d3e9aa54801ee67e4664dc9"",""volume"":{""h1"":251911.48,""h24"":251911.48,""h6"":251911.48,""m5"":22840.84}}",2026-05-07T14:05:11+00:00
base:0x317354a6eb91877686afae7319c8d828c3ff675cf76c3d074eb365b34c242d6f,0x3B84CaCB7F66f9Ab9caca4Ac92112E9dB1821E02,base,uniswap,0x317354a6eb91877686afae7319c8d828c3ff675cf76c3d074eb365b34c242d6f,Spectra,WETH,2026-05-07T13:41:51+00:00,,1.505037592222222,44892.63,,,,,5.424e-07,,209.31,165129.99,165129.99,,,,,,,,,,,,,,,,,,,167.0,,"{""baseToken"":{""address"":""0x3B84CaCB7F66f9Ab9caca4Ac92112E9dB1821E02"",""name"":""Spectra Art"",""symbol"":""Spectra""},""chainId"":""base"",""dexId"":""uniswap"",""fdv"":54241,""info"":{""header"":""https://cdn.dexscreener.com/cms/images/Pl1l-RQ_OF6DhBY6?width=1500&height=500&quality=95&format=auto"",""imageUrl"":""https://cdn.dexscreener.com/cms/images/Avt0SlestREAuMN7?width=800&height=800&quality=95&format=auto"",""openGraph"":""https://cdn.dexscreener.com/token-images/og/base/0x3b84cacb7f66f9ab9caca4ac92112e9db1821e02?timestamp=1778166600000"",""socials"":[{""type"":""twitter"",""url"":""https://x.com/spectra_art_""}],""websites"":[]},""labels"":[""v4""],""liquidity"":{""base"":58589722781,""quote"":5.6604,""usd"":44892.63},""marketCap"":54241,""pairAddress"":""0x317354a6eb91877686afae7319c8d828c3ff675cf76c3d074eb365b34c242d6f"",""pairCreatedAt"":1778161311000,""priceChange"":{""h24"":167,""h6"":167},""priceNative"":""0.0000000002341"",""priceUsd"":""0.0000005424"",""quoteToken"":{""address"":""0x4200000000000000000000000000000000000006"",""name"":""Wrapped Ether"",""symbol"":""WETH""},""txns"":{""h1"":{""buys"":3,""sells"":1},""h24"":{""buys"":340,""sells"":224},""h6"":{""buys"":340,""sells"":224},""m5"":{""buys"":0,""sells"":0}},""url"":""https://dexscreener.com/base/0x317354a6eb91877686afae7319c8d828c3ff675cf76c3d074eb365b34c242d6f"",""volume"":{""h1"":209.31,""h24"":165129.99,""h6"":165129.99,""m5"":0}}",2026-05-07T15:12:09+00:00
base:0x9c686dc54c91031abb31d8a1bfaeb2cba645e5689645bb977017628220e824f3,0x072f4B2f239e3e470A496792623adDC08b0fb6b0,base,uniswap,0x9c686dc54c91031abb31d8a1bfaeb2cba645e5689645bb977017628220e824f3,GACHA,WETH,2026-05-07T14:16:49+00:00,,0.9222598144444444,63796.75,,,,,3.009e-05,,410496.28,410496.28,410496.28,,,,,,,,,,,,,,,,,2337.0,,2337.0,,"{""baseToken"":{""address"":""0x072f4B2f239e3e470A496792623adDC08b0fb6b0"",""name"":""Gacha Fund"",""symbol"":""GACHA""},""chainId"":""base"",""dexId"":""uniswap"",""fdv"":180570,""info"":{""header"":""https://cdn.dexscreener.com/cms/images/MipkBGORTMaGz98F?width=1500&height=500&quality=95&format=auto"",""imageUrl"":""https://cdn.dexscreener.com/cms/images/zZJP5NJKH8JLG8AK?width=800&height=800&quality=95&format=auto"",""openGraph"":""https://cdn.dexscreener.com/token-images/og/base/0x072f4b2f239e3e470a496792623addc08b0fb6b0?timestamp=1778166600000"",""socials"":[],""websites"":[]},""labels"":[""v4""],""liquidity"":{""base"":1194135846,""quote"":12.1047,""usd"":63796.75},""marketCap"":180570,""pairAddress"":""0x9c686dc54c91031abb31d8a1bfaeb2cba645e5689645bb977017628220e824f3"",""pairCreatedAt"":1778163409000,""priceChange"":{""h1"":2337,""h24"":2337,""h6"":2337,""m5"":20.54},""priceNative"":""0.00000001307"",""priceUsd"":""0.00003009"",""quoteToken"":{""address"":""0x4200000000000000000000000000000000000006"",""name"":""Wrapped Ether"",""symbol"":""WETH""},""txns"":{""h1"":{""buys"":833,""sells"":594},""h24"":{""buys"":833,""sells"":594},""h6"":{""buys"":833,""sells"":594},""m5"":{""buys"":75,""sells"":47}},""url"":""https://dexscreener.com/base/0x9c686dc54c91031abb31d8a1bfaeb2cba645e5689645bb977017628220e824f3"",""volume"":{""h1"":410496.28,""h24"":410496.28,""h6"":410496.28,""m5"":39283.53}}",2026-05-07T15:12:09+00:00
base:0xc97c3170e142b056f6feea1238a77f024b40df56d57d3a9c03e4c82f22097513,0x2B66E3046ce3B41414A2B34f56DcA4553AE1d5C5,base,uniswap,0xc97c3170e142b056f6feea1238a77f024b40df56d57d3a9c03e4c82f22097513,TYCOON,WETH,2026-05-07T14:16:53+00:00,,0.9211487033333333,140307.28,,,,,2.886e-06,,487708.3,487708.3,487708.3,,,,,,,,,,,,,,,,,1092.0,,1092.0,,"{""baseToken"":{""address"":""0x2B66E3046ce3B41414A2B34f56DcA4553AE1d5C5"",""name"":""Tycoon"",""symbol"":""TYCOON""},""chainId"":""base"",""dexId"":""uniswap"",""fdv"":288621,""info"":{""header"":""https://cdn.dexscreener.com/cms/images/PKyPs1PojyfHa8ok?width=1500&height=500&quality=95&format=auto"",""imageUrl"":""https://cdn.dexscreener.com/cms/images/ZhJucxV1uTaeQzPS?width=800&height=800&quality=95&format=auto"",""openGraph"":""https://cdn.dexscreener.com/token-images/og/base/0x2b66e3046ce3b41414a2b34f56dca4553ae1d5c5?timestamp=1778166600000"",""socials"":[{""type"":""twitter"",""url"":""https://x.com/Tycoon_AI""}],""websites"":[]},""labels"":[""v4""],""liquidity"":{""base"":26683654768,""quote"":27.5003,""usd"":140307.28},""marketCap"":288621,""pairAddress"":""0xc97c3170e142b056f6feea1238a77f024b40df56d57d3a9c03e4c82f22097513"",""pairCreatedAt"":1778163413000,""priceChange"":{""h1"":1092,""h24"":1092,""h6"":1092,""m5"":-33.17},""priceNative"":""0.000000001254"",""priceUsd"":""0.000002886"",""quoteToken"":{""address"":""0x4200000000000000000000000000000000000006"",""name"":""Wrapped Ether"",""symbol"":""WETH""},""txns"":{""h1"":{""buys"":713,""sells"":532},""h24"":{""buys"":713,""sells"":532},""h6"":{""buys"":713,""sells"":532},""m5"":{""buys"":73,""sells"":40}},""url"":""https://dexscreener.com/base/0xc97c3170e142b056f6feea1238a77f024b40df56d57d3a9c03e4c82f22097513"",""volume"":{""h1"":487708.3,""h24"":487708.3,""h6"":487708.3,""m5"":59433.16}}",2026-05-07T15:12:09+00:00
base:0x37dF215c79EF81D7Aaf73D12B32F473f707cE0F0,0x6A7602bB307a661705b0f53DD493E6A5067E4778,base,uniswap,0x37dF215c79EF81D7Aaf73D12B32F473f707cE0F0,SHADE,WETH,2026-05-07T15:34:11+00:00,,0.6364847336111111,9148.94,,,,,0.0001246,,21094.53,21094.53,21094.53,,,,,,,,,,,,,,,,,270.0,,270.0,,"{""baseToken"":{""address"":""0x6A7602bB307a661705b0f53DD493E6A5067E4778"",""name"":""Shade"",""symbol"":""SHADE""},""chainId"":""base"",""dexId"":""uniswap"",""fdv"":12462,""info"":{""header"":""https://cdn.dexscreener.com/cms/images/qTzvCo8jkTfPgBnJ?width=1500&height=500&quality=95&format=auto"",""imageUrl"":""https://cdn.dexscreener.com/cms/images/UdTAVJte7PWUAWA3?width=800&height=800&quality=95&format=auto"",""openGraph"":""https://cdn.dexscreener.com/token-images/og/base/0x6a7602bb307a661705b0f53dd493e6a5067e4778?timestamp=1778170200000"",""socials"":[{""type"":""twitter"",""url"":""https://x.com/shadeonbase""},{""type"":""telegram"",""url"":""https://t.me/shadeonbase""}],""websites"":[{""label"":""Website"",""url"":""https://shadeonbase.com/""},{""label"":""Docs"",""url"":""https://docs.shadeonbase.com/""}]},""labels"":[""v2""],""liquidity"":{""base"":36707096,""quote"":1.9974,""usd"":9148.94},""marketCap"":12462,""pairAddress"":""0x37dF215c79EF81D7Aaf73D12B32F473f707cE0F0"",""pairCreatedAt"":1778168051000,""priceChange"":{""h1"":270,""h24"":270,""h6"":270,""m5"":14.36},""priceNative"":""0.00000005441"",""priceUsd"":""0.0001246"",""quoteToken"":{""address"":""0x4200000000000000000000000000000000000006"",""name"":""Wrapped Ether"",""symbol"":""WETH""},""txns"":{""h1"":{""buys"":127,""sells"":107},""h24"":{""buys"":127,""sells"":107},""h6"":{""buys"":127,""sells"":107},""m5"":{""buys"":5,""sells"":3}},""url"":""https://dexscreener.com/base/0x37df215c79ef81d7aaf73d12b32f473f707ce0f0"",""volume"":{""h1"":21094.53,""h24"":21094.53,""h6"":21094.53,""m5"":780.8}}",2026-05-07T16:12:22+00:00
base:0x39e6dd086c12bb4ea83ba4ef1b8c43de4f6d348eb2d2acc3f121499fb1b46c47,0xaB3dfbc50EF0f2175D192a75161FAcc2e73B02F6,base,uniswap,0x39e6dd086c12bb4ea83ba4ef1b8c43de4f6d348eb2d2acc3f121499fb1b46c47,PETS,flETH,2026-05-07T15:29:27+00:00,,0.7153736225,27378.02,,,,,3.493e-07,,71391.78,71391.78,71391.78,,,,,,,,,,,,,,,,,220.0,,220.0,,"{""baseToken"":{""address"":""0xaB3dfbc50EF0f2175D192a75161FAcc2e73B02F6"",""name"":""Pet Forge"",""symbol"":""PETS""},""chainId"":""base"",""dexId"":""uniswap"",""fdv"":34932,""info"":{""header"":""https://cdn.dexscreener.com/cms/images/cSZrst-0H9mflwAs?width=1500&height=500&quality=95&format=auto"",""imageUrl"":""https://cdn.dexscreener.com/cms/images/mV3AU_jU_FSK5pvD?width=800&height=800&quality=95&format=auto"",""openGraph"":""https://cdn.dexscreener.com/token-images/og/base/0xab3dfbc50ef0f2175d192a75161facc2e73b02f6?timestamp=1778170200000"",""socials"":[{""type"":""twitter"",""url"":""https://x.com/petforgefun""}],""websites"":[{""label"":""Website"",""url"":""https://petforge.fun""},{""label"":""Github"",""url"":""https://github.com/petforgeagent/petforge""},{""label"":""Buy PETS"",""url"":""https://flaunch.gg/base/coins/0xaB3dfbc50EF0f2175D192a75161FAcc2e73B02F6""}]},""labels"":[""v4""],""liquidity"":{""base"":53782216804,""quote"":3.7511,""usd"":27378.02},""marketCap"":34932,""pairAddress"":""0x39e6dd086c12bb4ea83ba4ef1b8c43de4f6d348eb2d2acc3f121499fb1b46c47"",""pairCreatedAt"":1778167767000,""priceChange"":{""h1"":220,""h24"":220,""h6"":220,""m5"":11.56},""priceNative"":""0.0000000001525"",""priceUsd"":""0.0000003493"",""quoteToken"":{""address"":""0x000000000D564D5be76f7f0d28fE52605afC7Cf8"",""name"":""flETH"",""symbol"":""flETH""},""txns"":{""h1"":{""buys"":221,""sells"":167},""h24"":{""buys"":221,""sells"":167},""h6"":{""buys"":221,""sells"":167},""m5"":{""buys"":59,""sells"":42}},""url"":""https://dexscreener.com/base/0x39e6dd086c12bb4ea83ba4ef1b8c43de4f6d348eb2d2acc3f121499fb1b46c47"",""volume"":{""h1"":71391.78,""h24"":71391.78,""h6"":71391.78,""m5"":22014.97}}",2026-05-07T16:12:22+00:00
base:0x607fe84926594f273d5dff3090d42480e436ab1dcecda1ab753c504babb0c19c,0x1Ce6c8e9c88fe8f365FF420ac83fa120bdC92675,base,uniswap,0x607fe84926594f273d5dff3090d42480e436ab1dcecda1ab753c504babb0c19c,HANTA,WETH,2026-05-07T15:55:41+00:00,,0.2781514002777778,94035.97,,,,,1.492e-06,,137510.95,137510.95,137510.95,,,,,,,,,,,,,,,,,534.0,,534.0,,"{""baseToken"":{""address"":""0x1Ce6c8e9c88fe8f365FF420ac83fa120bdC92675"",""name"":""Hantavirus"",""symbol"":""HANTA""},""chainId"":""base"",""dexId"":""uniswap"",""fdv"":149234,""info"":{""header"":""https://cdn.dexscreener.com/cms/images/3V5aZ13A5moD6gkx?width=1500&height=500&quality=95&format=auto"",""imageUrl"":""https://cdn.dexscreener.com/cms/images/D0avUsSSrd7JDs-I?width=800&height=800&quality=95&format=auto"",""openGraph"":""https://cdn.dexscreener.com/token-images/og/base/0x1ce6c8e9c88fe8f365ff420ac83fa120bdc92675?timestamp=1778170200000"",""socials"":[{""type"":""twitter"",""url"":""https://x.com/HantavirusBase""}],""websites"":[]},""labels"":[""v4""],""liquidity"":{""base"":38974576791,""quote"":15.6635,""usd"":94035.97},""marketCap"":149234,""pairAddress"":""0x607fe84926594f273d5dff3090d42480e436ab1dcecda1ab753c504babb0c19c"",""pairCreatedAt"":1778169341000,""priceChange"":{""h1"":534,""h24"":534,""h6"":534,""m5"":63.04},""priceNative"":""0.0000000006516"",""priceUsd"":""0.000001492"",""quoteToken"":{""address"":""0x4200000000000000000000000000000000000006"",""name"":""Wrapped Ether"",""symbol"":""WETH""},""txns"":{""h1"":{""buys"":277,""sells"":141},""h24"":{""buys"":277,""sells"":141},""h6"":{""buys"":277,""sells"":141},""m5"":{""buys"":81,""sells"":38}},""url"":""https://dexscreener.com/base/0x607fe84926594f273d5dff3090d42480e436ab1dcecda1ab753c504babb0c19c"",""volume"":{""h1"":137510.95,""h24"":137510.95,""h6"":137510.95,""m5"":41337.58}}",2026-05-07T16:12:22+00:00
base:0x2331812ae8a2aa0b93d84635b7367fa24515b031cef3059a30ac2adee7266b1a,0x22aaB1803d9B5ED57c4E34090884867F5fdaFbb7,base,uniswap,0x2331812ae8a2aa0b93d84635b7367fa24515b031cef3059a30ac2adee7266b1a,GACHA,flETH,2026-05-07T14:10:29+00:00,,3.033061559444444,135282.3,,,,,2.575e-06,,86167.92,1502125.69,1502125.69,,,,,,,,,,,,,,,,,-28.06,,529.0,,"{""baseToken"":{""address"":""0x22aaB1803d9B5ED57c4E34090884867F5fdaFbb7"",""name"":""Gacha Fund"",""symbol"":""GACHA""},""chainId"":""base"",""dexId"":""uniswap"",""fdv"":257590,""info"":{""header"":""https://cdn.dexscreener.com/cms/images/IrA749JrzpHSfvR3?width=1500&height=500&quality=95&format=auto"",""imageUrl"":""https://cdn.dexscreener.com/cms/images/SwFOoE7_8DRep3Hy?width=800&height=800&quality=95&format=auto"",""openGraph"":""https://cdn.dexscreener.com/token-images/og/base/0x22aab1803d9b5ed57c4e34090884867f5fdafbb7?timestamp=1778173800000"",""socials"":[{""type"":""twitter"",""url"":""https://x.com/TheGachaGrid""}],""websites"":[{""label"":""Website"",""url"":""https://gacha.fund""}]},""labels"":[""v4""],""liquidity"":{""base"":31180359625,""quote"":23.9815,""usd"":135282.3},""marketCap"":257590,""pairAddress"":""0x2331812ae8a2aa0b93d84635b7367fa24515b031cef3059a30ac2adee7266b1a"",""pairCreatedAt"":1778163029000,""priceChange"":{""h1"":-28.06,""h24"":529,""h6"":529,""m5"":-0.48},""priceNative"":""0.000000001123"",""priceUsd"":""0.000002575"",""quoteToken"":{""address"":""0x000000000D564D5be76f7f0d28fE52605afC7Cf8"",""name"":""flETH"",""symbol"":""flETH""},""txns"":{""h1"":{""buys"":169,""sells"":88},""h24"":{""buys"":2102,""sells"":1407},""h6"":{""buys"":2102,""sells"":1407},""m5"":{""buys"":2,""sells"":3}},""url"":""https://dexscreener.com/base/0x2331812ae8a2aa0b93d84635b7367fa24515b031cef3059a30ac2adee7266b1a"",""volume"":{""h1"":86167.92,""h24"":1502125.69,""h6"":1502125.69,""m5"":1054.72}}",2026-05-07T17:12:28+00:00
base:0xc7b944cf3a0dfb1b7ddf773757f58763fcaa6e81a9e46d36b8ce89a3988fac76,0xe618cedc81f845883c61D15297073e7463CbA4Af,base,uniswap,0xc7b944cf3a0dfb1b7ddf773757f58763fcaa6e81a9e46d36b8ce89a3988fac76,SPEC,WETH,2026-05-07T16:49:45+00:00,,0.378617115,45942.75,,,,,5.17e-05,,68456.6,68456.6,68456.6,,,,,,,,,,,,,,,,,125.0,,125.0,,"{""baseToken"":{""address"":""0xe618cedc81f845883c61D15297073e7463CbA4Af"",""name"":""Open Spec"",""symbol"":""SPEC""},""chainId"":""base"",""dexId"":""uniswap"",""fdv"":51703,""info"":{""header"":""https://cdn.dexscreener.com/cms/images/pnILDjlbCWzrdmNC?width=1500&height=500&quality=95&format=auto"",""imageUrl"":""https://cdn.dexscreener.com/cms/images/C8NNTuHfdKSJiLoW?width=800&height=800&quality=95&format=auto"",""openGraph"":""https://cdn.dexscreener.com/token-images/og/base/0xe618cedc81f845883c61d15297073e7463cba4af?timestamp=1778173800000"",""socials"":[{""type"":""twitter"",""url"":""https://x.com/TrySpecAI""}],""websites"":[]},""labels"":[""v4""],""liquidity"":{""base"":671041721,""quote"":4.9053,""usd"":45942.75},""marketCap"":51703,""pairAddress"":""0xc7b944cf3a0dfb1b7ddf773757f58763fcaa6e81a9e46d36b8ce89a3988fac76"",""pairCreatedAt"":1778172585000,""priceChange"":{""h1"":125,""h24"":125,""h6"":125,""m5"":-10.82},""priceNative"":""0.00000002254"",""priceUsd"":""0.00005170"",""quoteToken"":{""address"":""0x4200000000000000000000000000000000000006"",""name"":""Wrapped Ether"",""symbol"":""WETH""},""txns"":{""h1"":{""buys"":231,""sells"":149},""h24"":{""buys"":231,""sells"":149},""h6"":{""buys"":231,""sells"":149},""m5"":{""buys"":28,""sells"":24}},""url"":""https://dexscreener.com/base/0xc7b944cf3a0dfb1b7ddf773757f58763fcaa6e81a9e46d36b8ce89a3988fac76"",""volume"":{""h1"":68456.6,""h24"":68456.6,""h6"":68456.6,""m5"":11854.35}}",2026-05-07T17:12:28+00:00
base:0x3f146efd354e48a233c080d4823dfa1e7e531be15999e8e36a96c50ba6131c4c,0xD44Ca5905957a30dF04351EA48b7140256FAeb07,base,uniswap,0x3f146efd354e48a233c080d4823dfa1e7e531be15999e8e36a96c50ba6131c4c,OCL,WETH,2026-05-07T17:43:05+00:00,,2.0265469191666665,77804.42,,,,,8.061e-07,,2285.29,36501.15,36501.15,,,,,,,,,,,,,,,,,8.99,,174.0,,"{""baseToken"":{""address"":""0xD44Ca5905957a30dF04351EA48b7140256FAeb07"",""name"":""Open Cloud Layer"",""symbol"":""OCL""},""chainId"":""base"",""dexId"":""uniswap"",""fdv"":80611,""info"":{""header"":""https://cdn.dexscreener.com/cms/images/aIr3PbdhjwX3SWRk?width=1500&height=500&quality=95&format=auto"",""imageUrl"":""https://cdn.dexscreener.com/cms/images/SzdAGQZepiAFlSyD?width=800&height=800&quality=95&format=auto"",""openGraph"":""https://cdn.dexscreener.com/token-images/og/base/0xd44ca5905957a30df04351ea48b7140256faeb07?timestamp=1778183100000"",""socials"":[{""type"":""twitter"",""url"":""https://x.com/opencloudlayer""}],""websites"":[{""label"":""Website"",""url"":""https://opencloudlayer.com""}]},""labels"":[""v4""],""liquidity"":{""base"":91955545439,""quote"":1.6024,""usd"":77804.42},""marketCap"":80611,""pairAddress"":""0x3f146efd354e48a233c080d4823dfa1e7e531be15999e8e36a96c50ba6131c4c"",""pairCreatedAt"":1778175785000,""priceChange"":{""h1"":8.99,""h24"":174,""h6"":174,""m5"":3.06},""priceNative"":""0.0000000003512"",""priceUsd"":""0.0000008061"",""quoteToken"":{""address"":""0x4200000000000000000000000000000000000006"",""name"":""Wrapped Ether"",""symbol"":""WETH""},""txns"":{""h1"":{""buys"":9,""sells"":20},""h24"":{""buys"":112,""sells"":232},""h6"":{""buys"":112,""sells"":232},""m5"":{""buys"":1,""sells"":1}},""url"":""https://dexscreener.com/base/0x3f146efd354e48a233c080d4823dfa1e7e531be15999e8e36a96c50ba6131c4c"",""volume"":{""h1"":2285.29,""h24"":36501.15,""h6"":36501.15,""m5"":112.02}}",2026-05-07T19:44:40+00:00
base:0xdf8d9c839db7bd60891e50c4677acded4ad81a333a53a475df82a6959f627ae2,0xA003FBBefBA3B2aC5Ff1A1dF6e7462970bDe4c06,base,uniswap,0xdf8d9c839db7bd60891e50c4677acded4ad81a333a53a475df82a6959f627ae2,FALKEN,WETH,2026-05-07T19:16:17+00:00,,0.47321358583333334,30259.46,,,,,5.005e-05,,59685.97,59685.97,59685.97,,,,,,,,,,,,,,,,,581.0,,581.0,,"{""baseToken"":{""address"":""0xA003FBBefBA3B2aC5Ff1A1dF6e7462970bDe4c06"",""name"":""Falken Protocol"",""symbol"":""FALKEN""},""chainId"":""base"",""dexId"":""uniswap"",""fdv"":50050,""info"":{""header"":""https://cdn.dexscreener.com/cms/images/HJh54XlIMJ7jQQfv?width=1500&height=500&quality=95&format=auto"",""imageUrl"":""https://cdn.dexscreener.com/cms/images/oHdPaVl-lpYamcNw?width=800&height=800&quality=95&format=auto"",""openGraph"":""https://cdn.dexscreener.com/token-images/og/base/0xa003fbbefba3b2ac5ff1a1df6e7462970bde4c06?timestamp=1778183100000"",""socials"":[{""type"":""twitter"",""url"":""https://x.com/falken_protocol""}],""websites"":[]},""labels"":[""v4""],""liquidity"":{""base"":379376571,""quote"":4.9107,""usd"":30259.46},""marketCap"":50050,""pairAddress"":""0xdf8d9c839db7bd60891e50c4677acded4ad81a333a53a475df82a6959f627ae2"",""pairCreatedAt"":1778181377000,""priceChange"":{""h1"":581,""h24"":581,""h6"":581,""m5"":22.16},""priceNative"":""0.00000002180"",""priceUsd"":""0.00005005"",""quoteToken"":{""address"":""0x4200000000000000000000000000000000000006"",""name"":""Wrapped Ether"",""symbol"":""WETH""},""txns"":{""h1"":{""buys"":150,""sells"":173},""h24"":{""buys"":150,""sells"":173},""h6"":{""buys"":150,""sells"":173},""m5"":{""buys"":25,""sells"":21}},""url"":""https://dexscreener.com/base/0xdf8d9c839db7bd60891e50c4677acded4ad81a333a53a475df82a6959f627ae2"",""volume"":{""h1"":59685.97,""h24"":59685.97,""h6"":59685.97,""m5"":9222.83}}",2026-05-07T19:44:40+00:00
base:0x8de32c3e440d497cd3b607555be1f6115717965fff56247c02976814edcf384f,0xD88FD4a11255E51f64f78b4a7d74456325c2d8dC,base,uniswap,0x8de32c3e440d497cd3b607555be1f6115717965fff56247c02976814edcf384f,BV7X,WETH,2026-02-01T17:06:39+00:00,,2287.0396676855553,253834.77,,,,,4.23e-06,,1281.26,12609.68,33754.95,,,,,,,,,,,,,,,,,0.95,,19.17,,"{""baseToken"":{""address"":""0xD88FD4a11255E51f64f78b4a7d74456325c2d8dC"",""name"":""BitVault Signal"",""symbol"":""BV7X""},""boosts"":{""active"":50},""chainId"":""base"",""dexId"":""uniswap"",""fdv"":392239,""info"":{""header"":""https://cdn.dexscreener.com/cms/images/1a5S927IvFas9e1F?width=1500&height=500&quality=95&format=auto"",""imageUrl"":""https://cdn.dexscreener.com/cms/images/eeaea18ef559c9371422d148245cb63418a1c6aa0313e94799b7daa859eb230e?width=800&height=800&quality=95&format=auto"",""openGraph"":""https://cdn.dexscreener.com/token-images/og/base/0xd88fd4a11255e51f64f78b4a7d74456325c2d8dc?timestamp=1778199000000"",""socials"":[{""type"":""twitter"",""url"":""https://x.com/BV7X_""},{""type"":""telegram"",""url"":""https://t.me/BV7XOfficial""}],""websites"":[{""label"":""Website"",""url"":""https://mischa0x.com/bv7x""},{""label"":""Docs"",""url"":""https://docs.bv7x.ai/""},{""label"":""Testnet"",""url"":""https://bv7x.ai/testnet""},{""label"":""Virtuals"",""url"":""https://app.virtuals.io/acp/agent-details/3979""},{""label"":""Moltbook"",""url"":""https://moltbook.com/user/bv7x""},{""label"":""Agentgram"",""url"":""https://www.agentgram.fun/agents/agent_1770655188517_dri9fhx3d""},{""label"":""Moltx"",""url"":""https://moltx.io/BV7X""}]},""labels"":[""v4""],""liquidity"":{""base"":35550777095,""quote"":45.1505,""usd"":253834.77},""marketCap"":392239,""pairAddress"":""0x8de32c3e440d497cd3b607555be1f6115717965fff56247c02976814edcf384f"",""pairCreatedAt"":1769965599000,""priceChange"":{""h1"":0.95,""h24"":19.17,""h6"":10.17},""priceNative"":""0.000000001846"",""priceUsd"":""0.000004230"",""quoteToken"":{""address"":""0x4200000000000000000000000000000000000006"",""name"":""Wrapped Ether"",""symbol"":""WETH""},""txns"":{""h1"":{""buys"":6,""sells"":18},""h24"":{""buys"":249,""sells"":502},""h6"":{""buys"":56,""sells"":120},""m5"":{""buys"":0,""sells"":0}},""url"":""https://dexscreener.com/base/0x8de32c3e440d497cd3b607555be1f6115717965fff56247c02976814edcf384f"",""volume"":{""h1"":1281.26,""h24"":33754.95,""h6"":12609.68,""m5"":0}}",2026-05-08T00:09:01+00:00
base:0x5d2091E0B3E0b516e0f3Abd75242e9287C253499,0xAC73bECE342083aaE54d2ef05c088207734b12F0,base,uniswap,0x5d2091E0B3E0b516e0f3Abd75242e9287C253499,PENGACHU,WETH,2026-04-19T17:20:47+00:00,,444.8399698233333,94256.42,,,,,0.0003175,,23902.14,131701.02,538495.62,,,,,,,,,,,,,,,,,-28.71,,-15.76,,"{""baseToken"":{""address"":""0xAC73bECE342083aaE54d2ef05c088207734b12F0"",""name"":""Pengachu"",""symbol"":""PENGACHU""},""chainId"":""base"",""dexId"":""uniswap"",""fdv"":317594,""info"":{""header"":""https://cdn.dexscreener.com/cms/images/0rUhKRUMMfFudUsL?width=1500&height=500&quality=95&format=auto"",""imageUrl"":""https://cdn.dexscreener.com/cms/images/veEW6ytC1VIob3ae?width=800&height=800&quality=95&format=auto"",""openGraph"":""https://cdn.dexscreener.com/token-images/og/base/0xac73bece342083aae54d2ef05c088207734b12f0?timestamp=1778220600000"",""socials"":[{""type"":""twitter"",""url"":""https://x.com/PENGACHU_Coin""},{""type"":""telegram"",""url"":""https://t.me/Pengachu_Portal""}],""websites"":[{""label"":""Website"",""url"":""https://pengachu.xyz/""}]},""labels"":[""v3""],""liquidity"":{""base"":148248815,""quote"":20.7685,""usd"":94256.42},""marketCap"":317594,""pairAddress"":""0x5d2091E0B3E0b516e0f3Abd75242e9287C253499"",""pairCreatedAt"":1776619247000,""priceChange"":{""h1"":-28.71,""h24"":-15.76,""h6"":-29.42,""m5"":17.99},""priceNative"":""0.0000001398"",""priceUsd"":""0.0003175"",""quoteToken"":{""address"":""0x4200000000000000000000000000000000000006"",""name"":""Wrapped Ether"",""symbol"":""WETH""},""txns"":{""h1"":{""buys"":56,""sells"":133},""h24"":{""buys"":1958,""sells"":2135},""h6"":{""buys"":469,""sells"":550},""m5"":{""buys"":17,""sells"":1}},""url"":""https://dexscreener.com/base/0x5d2091e0b3e0b516e0f3abd75242e9287c253499"",""volume"":{""h1"":23902.14,""h24"":538495.62,""h6"":131701.02,""m5"":3847.19}}",2026-05-08T06:11:10+00:00
base:0x975207b608bb426a1fa2627982fd26487dfef8be9fb7fd4e9fc509323bf3e54a,0xB6da3DbCBEDE77060bd6Ee8aBC75fF9cB75EAB07,base,uniswap,0x975207b608bb426a1fa2627982fd26487dfef8be9fb7fd4e9fc509323bf3e54a,Reactor,WETH,2026-05-08T04:22:03+00:00,,1.8188587122222222,94074.41,,,,,1.818e-06,,113509.85,297885.76,297885.76,,,,,,,,,,,,,,,,,33.67,,993.0,,"{""baseToken"":{""address"":""0xB6da3DbCBEDE77060bd6Ee8aBC75fF9cB75EAB07"",""name"":""Reactor"",""symbol"":""Reactor""},""chainId"":""base"",""dexId"":""uniswap"",""fdv"":181888,""info"":{""header"":""https://cdn.dexscreener.com/cms/images/sqTmFoMN-s6zPMK2?width=1500&height=500&quality=95&format=auto"",""imageUrl"":""https://cdn.dexscreener.com/cms/images/elsIbeQ_X8JRBDbc?width=800&height=800&quality=95&format=auto"",""openGraph"":""https://cdn.dexscreener.com/token-images/og/base/0xb6da3dbcbede77060bd6ee8abc75ff9cb75eab07?timestamp=1778220600000"",""socials"":[{""type"":""twitter"",""url"":""https://x.com/_bschmidtchen/status/2052454092061179945""}],""websites"":[]},""labels"":[""v4""],""liquidity"":{""base"":30002152739,""quote"":17.388,""usd"":94074.41},""marketCap"":181888,""pairAddress"":""0x975207b608bb426a1fa2627982fd26487dfef8be9fb7fd4e9fc509323bf3e54a"",""pairCreatedAt"":1778214123000,""priceChange"":{""h1"":33.67,""h24"":993,""h6"":993,""m5"":-5.43},""priceNative"":""0.0000000008005"",""priceUsd"":""0.000001818"",""quoteToken"":{""address"":""0x4200000000000000000000000000000000000006"",""name"":""Wrapped Ether"",""symbol"":""WETH""},""txns"":{""h1"":{""buys"":429,""sells"":906},""h24"":{""buys"":962,""sells"":2085},""h6"":{""buys"":962,""sells"":2085},""m5"":{""buys"":19,""sells"":42}},""url"":""https://dexscreener.com/base/0x975207b608bb426a1fa2627982fd26487dfef8be9fb7fd4e9fc509323bf3e54a"",""volume"":{""h1"":113509.85,""h24"":297885.76,""h6"":297885.76,""m5"":3762.76}}",2026-05-08T06:11:10+00:00
base:0x7e3966480d4b8968ee2a82cbff4388049af00a1787316564912a06bb8172dc77,0xd7E1FD9D10439544FFB35ccEd8565F5232De1496,base,uniswap,0x7e3966480d4b8968ee2a82cbff4388049af00a1787316564912a06bb8172dc77,IDB,WETH,2026-05-08T07:34:35+00:00,,0.4175361311111111,57270.11,,,,,8.833e-07,,253784.88,253784.88,253784.88,,,,,,,,,,,,,,,,,423.0,,423.0,,"{""baseToken"":{""address"":""0xd7E1FD9D10439544FFB35ccEd8565F5232De1496"",""name"":""Inter-Dimensional Being"",""symbol"":""IDB""},""chainId"":""base"",""dexId"":""uniswap"",""fdv"":88332,""info"":{""header"":""https://cdn.dexscreener.com/cms/images/ZgcQth2OW1CJMRb9?width=1500&height=500&quality=95&format=auto"",""imageUrl"":""https://cdn.dexscreener.com/cms/images/BrEKmOrL2KvCgVC4?width=800&height=800&quality=95&format=auto"",""openGraph"":""https://cdn.dexscreener.com/token-images/og/base/0xd7e1fd9d10439544ffb35cced8565f5232de1496?timestamp=1778227200000"",""socials"":[{""type"":""twitter"",""url"":""https://x.com/MarioNawfal/status/2052579787969810863""}],""websites"":[{""label"":""Website"",""url"":""https://aliens.fandom.com/wiki/Interdimensional_Being""}]},""labels"":[""v4""],""liquidity"":{""base"":42045097027,""quote"":8.8275,""usd"":57270.11},""marketCap"":88332,""pairAddress"":""0x7e3966480d4b8968ee2a82cbff4388049af00a1787316564912a06bb8172dc77"",""pairCreatedAt"":1778225675000,""priceChange"":{""h1"":423,""h24"":423,""h6"":423,""m5"":-5.84},""priceNative"":""0.0000000003873"",""priceUsd"":""0.0000008833"",""quoteToken"":{""address"":""0x4200000000000000000000000000000000000006"",""name"":""Wrapped Ether"",""symbol"":""WETH""},""txns"":{""h1"":{""buys"":398,""sells"":262},""h24"":{""buys"":398,""sells"":262},""h6"":{""buys"":398,""sells"":262},""m5"":{""buys"":51,""sells"":38}},""url"":""https://dexscreener.com/base/0x7e3966480d4b8968ee2a82cbff4388049af00a1787316564912a06bb8172dc77"",""volume"":{""h1"":253784.88,""h24"":253784.88,""h6"":253784.88,""m5"":25022.86}}",2026-05-08T07:59:38+00:00
base:0x973d9bc221d40c246f0355010311bfbb3f20a3a8129b6a6ac6b869a80d80af89,0x0d04cF3D85854C28CBC751CcAd5eDc8F75875CF7,base,uniswap,0x973d9bc221d40c246f0355010311bfbb3f20a3a8129b6a6ac6b869a80d80af89,NORMAL,WETH,2026-05-08T09:03:27+00:00,,0.87845357,52320.68,,,,,1.048e-06,,152442.32,152442.32,152442.32,,,,,,,,,,,,,,,,,1009.0,,1009.0,,"{""baseToken"":{""address"":""0x0d04cF3D85854C28CBC751CcAd5eDc8F75875CF7"",""name"":""Normal Factory"",""symbol"":""NORMAL""},""chainId"":""base"",""dexId"":""uniswap"",""fdv"":104801,""info"":{""header"":""https://cdn.dexscreener.com/cms/images/7P7XsHqLqnsT6Wpi?width=1500&height=500&quality=95&format=auto"",""imageUrl"":""https://cdn.dexscreener.com/cms/images/6mTs2ZAHUFfRztNv?width=800&height=800&quality=95&format=auto"",""openGraph"":""https://cdn.dexscreener.com/token-images/og/base/0x0d04cf3d85854c28cbc751ccad5edc8f75875cf7?timestamp=1778234100000"",""socials"":[{""type"":""twitter"",""url"":""https://x.com/NormalBase""}],""websites"":[]},""labels"":[""v4""],""liquidity"":{""base"":28628425253,""quote"":9.7731,""usd"":52320.68},""marketCap"":104801,""pairAddress"":""0x973d9bc221d40c246f0355010311bfbb3f20a3a8129b6a6ac6b869a80d80af89"",""pairCreatedAt"":1778231007000,""priceChange"":{""h1"":1009,""h24"":1009,""h6"":1009,""m5"":69.76},""priceNative"":""0.0000000004589"",""priceUsd"":""0.000001048"",""quoteToken"":{""address"":""0x4200000000000000000000000000000000000006"",""name"":""Wrapped Ether"",""symbol"":""WETH""},""txns"":{""h1"":{""buys"":317,""sells"":291},""h24"":{""buys"":317,""sells"":291},""h6"":{""buys"":317,""sells"":291},""m5"":{""buys"":41,""sells"":43}},""url"":""https://dexscreener.com/base/0x973d9bc221d40c246f0355010311bfbb3f20a3a8129b6a6ac6b869a80d80af89"",""volume"":{""h1"":152442.32,""h24"":152442.32,""h6"":152442.32,""m5"":29759.17}}",2026-05-08T09:56:09+00:00
base:0xc61cc8e297fa7d5152892fc4b43e3aa5b56ae243045b8ee13d0bb7d0b7166c48,0xcD16f488E7Fe7E528FCC58Ef13E5C3641bc55c2B,base,uniswap,0xc61cc8e297fa7d5152892fc4b43e3aa5b56ae243045b8ee13d0bb7d0b7166c48,UORE,WETH,2026-05-08T10:51:09+00:00,,0.9324696752777778,75073.88,,,,,1.283e-06,,346809.82,346809.82,346809.82,,,,,,,,,,,,,,,,,660.0,,660.0,,"{""baseToken"":{""address"":""0xcD16f488E7Fe7E528FCC58Ef13E5C3641bc55c2B"",""name"":""Uore"",""symbol"":""UORE""},""chainId"":""base"",""dexId"":""uniswap"",""fdv"":128369,""info"":{""header"":""https://cdn.dexscreener.com/cms/images/Rm8TWrEmlT9zCwO7?width=1500&height=500&quality=95&format=auto"",""imageUrl"":""https://cdn.dexscreener.com/cms/images/m0l4MvpOYssYGu61?width=800&height=800&quality=95&format=auto"",""openGraph"":""https://cdn.dexscreener.com/token-images/og/base/0xcd16f488e7fe7e528fcc58ef13e5c3641bc55c2b?timestamp=1778240700000"",""socials"":[{""type"":""twitter"",""url"":""https://x.com/dev__noah/status/2052112105109877091""}],""websites"":[]},""labels"":[""v4""],""liquidity"":{""base"":40434783157,""quote"":10.1111,""usd"":75073.88},""marketCap"":128369,""pairAddress"":""0xc61cc8e297fa7d5152892fc4b43e3aa5b56ae243045b8ee13d0bb7d0b7166c48"",""pairCreatedAt"":1778237469000,""priceChange"":{""h1"":660,""h24"":660,""h6"":660,""m5"":100},""priceNative"":""0.0000000005602"",""priceUsd"":""0.000001283"",""quoteToken"":{""address"":""0x4200000000000000000000000000000000000006"",""name"":""Wrapped Ether"",""symbol"":""WETH""},""txns"":{""h1"":{""buys"":710,""sells"":479},""h24"":{""buys"":710,""sells"":479},""h6"":{""buys"":710,""sells"":479},""m5"":{""buys"":57,""sells"":42}},""url"":""https://dexscreener.com/base/0xc61cc8e297fa7d5152892fc4b43e3aa5b56ae243045b8ee13d0bb7d0b7166c48"",""volume"":{""h1"":346809.82,""h24"":346809.82,""h6"":346809.82,""m5"":47563.22}}",2026-05-08T11:47:05+00:00
base:0x96cecf7c29f1a31ea23f431440c8fea82a6c1d0497a3cbc9bfc678ee28bca99e,0xd7FD18D4052787FF52fb75FCb9bD3E39eDeb5d4C,base,uniswap,0x96cecf7c29f1a31ea23f431440c8fea82a6c1d0497a3cbc9bfc678ee28bca99e,BLOCKTRONICS,WETH,2026-05-08T13:36:35+00:00,,0.6960402474999999,63581.35,,,,,1.806e-06,,435463.27,435463.27,435463.27,,,,,,,,,,,,,,,,,2391.0,,2391.0,,"{""baseToken"":{""address"":""0xd7FD18D4052787FF52fb75FCb9bD3E39eDeb5d4C"",""name"":""Blocktronics"",""symbol"":""BLOCKTRONICS""},""chainId"":""base"",""dexId"":""uniswap"",""fdv"":180667,""info"":{""header"":""https://cdn.dexscreener.com/cms/images/0OTzsclQeS6PXUUY?width=1500&height=500&quality=95&format=auto"",""imageUrl"":""https://cdn.dexscreener.com/cms/images/JcAHvPCwkhybalKm?width=800&height=800&quality=95&format=auto"",""openGraph"":""https://cdn.dexscreener.com/token-images/og/base/0xd7fd18d4052787ff52fb75fcb9bd3e39edeb5d4c?timestamp=1778250000000"",""socials"":[],""websites"":[]},""labels"":[""v4""],""liquidity"":{""base"":19482423700,""quote"":12.4257,""usd"":63581.35},""marketCap"":180667,""pairAddress"":""0x96cecf7c29f1a31ea23f431440c8fea82a6c1d0497a3cbc9bfc678ee28bca99e"",""pairCreatedAt"":1778247395000,""priceChange"":{""h1"":2391,""h24"":2391,""h6"":2391,""m5"":44.04},""priceNative"":""0.0000000007909"",""priceUsd"":""0.000001806"",""quoteToken"":{""address"":""0x4200000000000000000000000000000000000006"",""name"":""Wrapped Ether"",""symbol"":""WETH""},""txns"":{""h1"":{""buys"":770,""sells"":436},""h24"":{""buys"":770,""sells"":436},""h6"":{""buys"":770,""sells"":436},""m5"":{""buys"":118,""sells"":58}},""url"":""https://dexscreener.com/base/0x96cecf7c29f1a31ea23f431440c8fea82a6c1d0497a3cbc9bfc678ee28bca99e"",""volume"":{""h1"":435463.27,""h24"":435463.27,""h6"":435463.27,""m5"":72429.11}}",2026-05-08T14:18:20+00:00
base:0x8453e8a37505e6172b00Ef2878A5869c313F3e7D,0x9f7161Cd6bDceD685585797708c62Af25173ae89,base,uniswap,0x8453e8a37505e6172b00Ef2878A5869c313F3e7D,LUXURIOUS,WETH,2026-04-03T10:24:47+00:00,,846.3658770911111,3588.01,,,,,7.857e-06,,154.21,158.74,211.85,,,,,,,,,,,,,,,,,6.23,,5.39,,"{""baseToken"":{""address"":""0x9f7161Cd6bDceD685585797708c62Af25173ae89"",""name"":""Big Crypto Bull"",""symbol"":""LUXURIOUS""},""boosts"":{""active"":10},""chainId"":""base"",""dexId"":""uniswap"",""fdv"":7857,""info"":{""header"":""https://cdn.dexscreener.com/cms/images/TNp4Izi10ARWJD0-?width=1500&height=500&quality=95&format=auto"",""imageUrl"":""https://cdn.dexscreener.com/cms/images/4J4kuF5HBfHfiWdH?width=800&height=800&quality=95&format=auto"",""openGraph"":""https://cdn.dexscreener.com/token-images/og/base/0x9f7161cd6bdced685585797708c62af25173ae89?timestamp=1778258700000"",""socials"":[{""type"":""twitter"",""url"":""https://x.com/DJDean4You""},{""type"":""telegram"",""url"":""https://t.me/BigCryptoBullLuxurious""}],""websites"":[{""label"":""Website"",""url"":""https://luxuriousnetwork.net/""},{""label"":""Official Links"",""url"":""https://linktr.ee/bigcryptobull""},{""label"":""Audit (Tokensniffer 100/100) \ud83d\udfe2"",""url"":""https://tokensniffer.com/token/8453/0x9f7161cd6bdced685585797708c62af25173ae89""},{""label"":""Audit (GoPlus Security) \ud83d\udfe2"",""url"":""https://console.gopluslabs.io/token-security/8453/0x9f7161cd6bdced685585797708c62af25173ae89""},{""label"":""Buy LUXURIOUS via Uniswap \ud83e\ude99"",""url"":""https://app.uniswap.org/swap?outputCurrency=0x9f7161Cd6bDceD685585797708c62Af25173ae89&chain=base""},{""label"":""Trade LUXURIOUS on GMGN \ud83d\ude80"",""url"":""https://gmgn.ai/base/token/DxM0M9Eh_0x9f7161cd6bdced685585797708c62af25173ae89""}]},""labels"":[""v3""],""liquidity"":{""base"":115440413,""quote"":1.1712,""usd"":3588.01},""marketCap"":7857,""pairAddress"":""0x8453e8a37505e6172b00Ef2878A5869c313F3e7D"",""pairCreatedAt"":1775211887000,""priceChange"":{""h1"":6.23,""h24"":5.39,""h6"":6.45},""priceNative"":""0.000000003432"",""priceUsd"":""0.000007857"",""quoteToken"":{""address"":""0x4200000000000000000000000000000000000006"",""name"":""Wrapped Ether"",""symbol"":""WETH""},""txns"":{""h1"":{""buys"":5,""sells"":0},""h24"":{""buys"":6,""sells"":3},""h6"":{""buys"":6,""sells"":0},""m5"":{""buys"":0,""sells"":0}},""url"":""https://dexscreener.com/base/0x8453e8a37505e6172b00ef2878a5869c313f3e7d"",""volume"":{""h1"":154.21,""h24"":211.85,""h6"":158.74,""m5"":0}}",2026-05-08T16:46:44+00:00
base:0x56bbef0508c7b839d4fdc5e61bd17589c39391745158b75ef2112407e0807147,0xdc0b77886c39aD66E0766Ef9E6d88762CFD22B07,base,uniswap,0x56bbef0508c7b839d4fdc5e61bd17589c39391745158b75ef2112407e0807147,SpaceX,USDC,2026-05-08T17:36:35+00:00,,1.1558404319444444,133361.22,,,,,2.836e-06,,148451.41,148451.41,148451.41,,,,,,,,,,,,,,,,,28261.0,,28261.0,,"{""baseToken"":{""address"":""0xdc0b77886c39aD66E0766Ef9E6d88762CFD22B07"",""name"":""SpaceX"",""symbol"":""SpaceX""},""chainId"":""base"",""dexId"":""uniswap"",""fdv"":283642,""info"":{""header"":""https://cdn.dexscreener.com/cms/images/9Nn39eb7bgJdhYxr?width=1500&height=500&quality=95&format=auto"",""imageUrl"":""https://cdn.dexscreener.com/cms/images/ZkudJPrdGg4EZm3w?width=800&height=800&quality=95&format=auto"",""openGraph"":""https://cdn.dexscreener.com/token-images/og/base/0xdc0b77886c39ad66e0766ef9e6d88762cfd22b07?timestamp=1778265900000"",""socials"":[],""websites"":[]},""labels"":[""v4""],""liquidity"":{""base"":46664895505,""quote"":1000,""usd"":133361.22},""marketCap"":283642,""pairAddress"":""0x56bbef0508c7b839d4fdc5e61bd17589c39391745158b75ef2112407e0807147"",""pairCreatedAt"":1778261795000,""priceChange"":{""h1"":28261,""h24"":28261,""h6"":28261,""m5"":-47.11},""priceNative"":""0.000002836"",""priceUsd"":""0.000002836"",""quoteToken"":{""address"":""0x833589fCD6eDb6E08f4c7C32D4f71b54bdA02913"",""name"":""USD Coin"",""symbol"":""USDC""},""txns"":{""h1"":{""buys"":35,""sells"":30},""h24"":{""buys"":35,""sells"":30},""h6"":{""buys"":35,""sells"":30},""m5"":{""buys"":2,""sells"":2}},""url"":""https://dexscreener.com/base/0x56bbef0508c7b839d4fdc5e61bd17589c39391745158b75ef2112407e0807147"",""volume"":{""h1"":148451.41,""h24"":148451.41,""h6"":148451.41,""m5"":24}}",2026-05-08T18:45:56+00:00
base:0x5e73bd0be6ea68151d4a7debaada6482b1b88d53af7e280a0cf51389fe4f41d5,0x3663A529cb19eA6F5524755059D657A06501DB07,base,uniswap,0x5e73bd0be6ea68151d4a7debaada6482b1b88d53af7e280a0cf51389fe4f41d5,HANTAAGENT,WETH,2026-05-08T15:35:43+00:00,,3.170284876388889,153683.87,,,,,1.642e-06,,51213.04,247926.65,247926.65,,,,,,,,,,,,,,,,,1.67,,179.0,,"{""baseToken"":{""address"":""0x3663A529cb19eA6F5524755059D657A06501DB07"",""name"":""Hanta Agent"",""symbol"":""HANTAAGENT""},""boosts"":{""active"":30},""chainId"":""base"",""dexId"":""uniswap"",""fdv"":164270,""info"":{""header"":""https://cdn.dexscreener.com/cms/images/5mzYmM-6-1Q-5ENF?width=1500&height=500&quality=95&format=auto"",""imageUrl"":""https://cdn.dexscreener.com/cms/images/8QOmk4zkkOIAu-4x?width=800&height=800&quality=95&format=auto"",""openGraph"":""https://cdn.dexscreener.com/token-images/og/base/0x3663a529cb19ea6f5524755059d657a06501db07?timestamp=1778265900000"",""socials"":[{""type"":""twitter"",""url"":""https://x.com/HantaAgent""}],""websites"":[{""label"":""Website"",""url"":""https://www.hantaagent.cc/""}]},""labels"":[""v4""],""liquidity"":{""base"":82755180560,""quote"":7.6528,""usd"":153683.87},""marketCap"":164270,""pairAddress"":""0x5e73bd0be6ea68151d4a7debaada6482b1b88d53af7e280a0cf51389fe4f41d5"",""pairCreatedAt"":1778254543000,""priceChange"":{""h1"":1.67,""h24"":179,""h6"":179,""m5"":2.08},""priceNative"":""0.0000000007085"",""priceUsd"":""0.000001642"",""quoteToken"":{""address"":""0x4200000000000000000000000000000000000006"",""name"":""Wrapped Ether"",""symbol"":""WETH""},""txns"":{""h1"":{""buys"":403,""sells"":960},""h24"":{""buys"":5442,""sells"":14286},""h6"":{""buys"":5442,""sells"":14286},""m5"":{""buys"":34,""sells"":75}},""url"":""https://dexscreener.com/base/0x5e73bd0be6ea68151d4a7debaada6482b1b88d53af7e280a0cf51389fe4f41d5"",""volume"":{""h1"":51213.04,""h24"":247926.65,""h6"":247926.65,""m5"":6631.02}}",2026-05-08T18:45:56+00:00
base:0xDd7fb99FB36579c19f2baeDce86492D75251dE5E,0xf3bCBe4ee118ECC57c17820a2F03f46A750aB319,base,aerodrome,0xDd7fb99FB36579c19f2baeDce86492D75251dE5E,NWARS,USDC,2026-05-08T16:41:53+00:00,,2.0675070986111113,214136.98,,,,,0.5731,,33527.87,306603.77,306603.77,,,,,,,,,,,,,,,,,-17.12,,-7.53,,"{""baseToken"":{""address"":""0xf3bCBe4ee118ECC57c17820a2F03f46A750aB319"",""name"":""NationWars"",""symbol"":""NWARS""},""chainId"":""base"",""dexId"":""aerodrome"",""fdv"":120368,""info"":{""header"":""https://cdn.dexscreener.com/cms/images/AqTXBELEShzT9uxi?width=1500&height=500&quality=95&format=auto"",""imageUrl"":""https://cdn.dexscreener.com/cms/images/I8SUczyROqnujSL3?width=800&height=800&quality=95&format=auto"",""openGraph"":""https://cdn.dexscreener.com/token-images/og/base/0xf3bcbe4ee118ecc57c17820a2f03f46a750ab319?timestamp=1778265900000"",""socials"":[{""type"":""twitter"",""url"":""https://x.com/NationWarsBase""},{""type"":""telegram"",""url"":""https://t.me/NationWarsBase""},{""type"":""discord"",""url"":""https://discord.gg/gJ47v9YP6y""}],""websites"":[{""label"":""Website"",""url"":""https://nationwars.fun""},{""label"":""Docs"",""url"":""https://nationwars.fun/docs""}]},""liquidity"":{""base"":186796,""quote"":107068,""usd"":214136.98},""marketCap"":120368,""pairAddress"":""0xDd7fb99FB36579c19f2baeDce86492D75251dE5E"",""pairCreatedAt"":1778258513000,""priceChange"":{""h1"":-17.12,""h24"":-7.53,""h6"":-7.53,""m5"":-0.69},""priceNative"":""0.5731"",""priceUsd"":""0.5731"",""quoteToken"":{""address"":""0x833589fCD6eDb6E08f4c7C32D4f71b54bdA02913"",""name"":""USD Coin"",""symbol"":""USDC""},""txns"":{""h1"":{""buys"":53,""sells"":47},""h24"":{""buys"":359,""sells"":222},""h6"":{""buys"":359,""sells"":222},""m5"":{""buys"":1,""sells"":1}},""url"":""https://dexscreener.com/base/0xdd7fb99fb36579c19f2baedce86492d75251de5e"",""volume"":{""h1"":33527.87,""h24"":306603.77,""h6"":306603.77,""m5"":393.47}}",2026-05-08T18:45:56+00:00
base:0xef8ce8a80cf3a4f36a1b3974e3c6ba5df3e846624bef8340f67dcf1bdd3d8339,0x98c13D8bC341D3b161EFBacFaBc53d48eE9aD0B3,base,uniswap,0xef8ce8a80cf3a4f36a1b3974e3c6ba5df3e846624bef8340f67dcf1bdd3d8339,AGU,WETH,2026-05-08T18:08:37+00:00,,0.6219515430555556,4313.0,,,,,7.564e-08,,31742.51,31742.51,31742.51,,,,,,,,,,,,,,,,,41.66,,41.66,,"{""baseToken"":{""address"":""0x98c13D8bC341D3b161EFBacFaBc53d48eE9aD0B3"",""name"":""Agentarium"",""symbol"":""AGU""},""chainId"":""base"",""dexId"":""uniswap"",""fdv"":7564,""info"":{""header"":""https://cdn.dexscreener.com/cms/images/7uY-QUhdNWTp_AiA?width=1500&height=500&quality=95&format=auto"",""imageUrl"":""https://cdn.dexscreener.com/cms/images/k4MCfa27W5BdSpD6?width=800&height=800&quality=95&format=auto"",""openGraph"":""https://cdn.dexscreener.com/token-images/og/base/0x98c13d8bc341d3b161efbacfabc53d48ee9ad0b3?timestamp=1778265900000"",""socials"":[{""type"":""twitter"",""url"":""https://x.com/agentariumguru_""},{""type"":""telegram"",""url"":""https://t.me/agentariumguru""}],""websites"":[{""label"":""Website"",""url"":""https://agentarium.guru""},{""label"":""Docs"",""url"":""https://github.com/agentariumworld""}]},""labels"":[""v4""],""liquidity"":{""base"":41861457960,""quote"":0.4945,""usd"":4313},""marketCap"":7564,""pairAddress"":""0xef8ce8a80cf3a4f36a1b3974e3c6ba5df3e846624bef8340f67dcf1bdd3d8339"",""pairCreatedAt"":1778263717000,""priceChange"":{""h1"":41.66,""h24"":41.66,""h6"":41.66,""m5"":-24.06},""priceNative"":""0.00000000003262"",""priceUsd"":""0.00000007564"",""quoteToken"":{""address"":""0x4200000000000000000000000000000000000006"",""name"":""Wrapped Ether"",""symbol"":""WETH""},""txns"":{""h1"":{""buys"":105,""sells"":258},""h24"":{""buys"":105,""sells"":258},""h6"":{""buys"":105,""sells"":258},""m5"":{""buys"":3,""sells"":15}},""url"":""https://dexscreener.com/base/0xef8ce8a80cf3a4f36a1b3974e3c6ba5df3e846624bef8340f67dcf1bdd3d8339"",""volume"":{""h1"":31742.51,""h24"":31742.51,""h6"":31742.51,""m5"":938.46}}",2026-05-08T18:45:56+00:00
base:0x039b7089b25349f52fe75bd32db237b4c237fa7347c0cbedb494d507b7da9727,0xA74f7dad0b4c603adA798E2FeE76bD8D6aDfe8ee,base,uniswap,0x039b7089b25349f52fe75bd32db237b4c237fa7347c0cbedb494d507b7da9727,Meridia,WETH,2026-05-08T22:04:53+00:00,,1.1183388027777779,89528.43,,,,,1.372e-06,,380810.54,401263.44,401263.44,,,,,,,,,,,,,,,,,176.0,,488.0,,"{""baseToken"":{""address"":""0xA74f7dad0b4c603adA798E2FeE76bD8D6aDfe8ee"",""name"":""Meridia"",""symbol"":""Meridia""},""chainId"":""base"",""dexId"":""uniswap"",""fdv"":137221,""info"":{""header"":""https://cdn.dexscreener.com/cms/images/3w3x1Nehi0q1w5uz?width=1500&height=500&quality=95&format=auto"",""imageUrl"":""https://cdn.dexscreener.com/cms/images/B515s62TyM8OVf4M?width=800&height=800&quality=95&format=auto"",""openGraph"":""https://cdn.dexscreener.com/token-images/og/base/0xa74f7dad0b4c603ada798e2fee76bd8d6adfe8ee?timestamp=1778281800000"",""socials"":[{""type"":""twitter"",""url"":""https://x.com/ThetaForgeCo/status/2052746526640705878""}],""websites"":[]},""labels"":[""v4""],""liquidity"":{""base"":40531734520,""quote"":14.6923,""usd"":89528.43},""marketCap"":137221,""pairAddress"":""0x039b7089b25349f52fe75bd32db237b4c237fa7347c0cbedb494d507b7da9727"",""pairCreatedAt"":1778277893000,""priceChange"":{""h1"":176,""h24"":488,""h6"":488,""m5"":-3.44},""priceNative"":""0.0000000005945"",""priceUsd"":""0.000001372"",""quoteToken"":{""address"":""0x4200000000000000000000000000000000000006"",""name"":""Wrapped Ether"",""symbol"":""WETH""},""txns"":{""h1"":{""buys"":645,""sells"":511},""h24"":{""buys"":743,""sells"":550},""h6"":{""buys"":743,""sells"":550},""m5"":{""buys"":45,""sells"":39}},""url"":""https://dexscreener.com/base/0x039b7089b25349f52fe75bd32db237b4c237fa7347c0cbedb494d507b7da9727"",""volume"":{""h1"":380810.54,""h24"":401263.44,""h6"":401263.44,""m5"":26924.43}}",2026-05-08T23:11:59+00:00
base:0x10c468342db55a8d80ad1451e08e8a85458cef209b7b4739cf6d7f9de09ab562,0x4FeC17D74Fa249D00B26f16a0934A99D983ab82C,base,uniswap,0x10c468342db55a8d80ad1451e08e8a85458cef209b7b4739cf6d7f9de09ab562,SCL,WETH,2026-05-08T23:21:03+00:00,,0.8357215180555555,82469.41,,,,,1.207e-06,,163781.43,163781.43,163781.43,,,,,,,,,,,,,,,,,416.0,,416.0,,"{""baseToken"":{""address"":""0x4FeC17D74Fa249D00B26f16a0934A99D983ab82C"",""name"":""ShadowCombat League"",""symbol"":""SCL""},""chainId"":""base"",""dexId"":""uniswap"",""fdv"":120710,""info"":{""header"":""https://cdn.dexscreener.com/cms/images/Ua0rq5fCiiB5zH9O?width=1500&height=500&quality=95&format=auto"",""imageUrl"":""https://cdn.dexscreener.com/cms/images/T_IIHEVfcUnRB5Gk?width=800&height=800&quality=95&format=auto"",""openGraph"":""https://cdn.dexscreener.com/token-images/og/base/0x4fec17d74fa249d00b26f16a0934a99d983ab82c?timestamp=1778285400000"",""socials"":[{""type"":""twitter"",""url"":""https://x.com/ShadowC_League""}],""websites"":[]},""labels"":[""v4""],""liquidity"":{""base"":44319746123,""quote"":12.5731,""usd"":82469.41},""marketCap"":120710,""pairAddress"":""0x10c468342db55a8d80ad1451e08e8a85458cef209b7b4739cf6d7f9de09ab562"",""pairCreatedAt"":1778282463000,""priceChange"":{""h1"":416,""h24"":416,""h6"":416,""m5"":31.26},""priceNative"":""0.0000000005238"",""priceUsd"":""0.000001207"",""quoteToken"":{""address"":""0x4200000000000000000000000000000000000006"",""name"":""Wrapped Ether"",""symbol"":""WETH""},""txns"":{""h1"":{""buys"":432,""sells"":298},""h24"":{""buys"":432,""sells"":298},""h6"":{""buys"":432,""sells"":298},""m5"":{""buys"":47,""sells"":28}},""url"":""https://dexscreener.com/base/0x10c468342db55a8d80ad1451e08e8a85458cef209b7b4739cf6d7f9de09ab562"",""volume"":{""h1"":163781.43,""h24"":163781.43,""h6"":163781.43,""m5"":30072.77}}",2026-05-09T00:11:11+00:00
base:0x3307a8dd3c868a6e3d72aaa59565b4c983f011c80f80a2803d157603fa3b8367,0xcEecb3d02b0839ed9f7688679276F523a11f955f,base,uniswap,0x3307a8dd3c868a6e3d72aaa59565b4c983f011c80f80a2803d157603fa3b8367,XONA,WETH,2026-05-09T04:13:35+00:00,,2.2460045294444444,80392.58,,,,,1.434e-06,,419409.8,985608.11,985608.11,,,,,,,,,,,,,,,,,22.18,,763.0,,"{""baseToken"":{""address"":""0xcEecb3d02b0839ed9f7688679276F523a11f955f"",""name"":""Xona Ai Agent"",""symbol"":""XONA""},""chainId"":""base"",""dexId"":""uniswap"",""fdv"":143492,""info"":{""header"":""https://cdn.dexscreener.com/cms/images/X5Q2mMbVaOgAEaK9?width=1500&height=500&quality=95&format=auto"",""imageUrl"":""https://cdn.dexscreener.com/cms/images/pavQbo752E0YOUtV?width=800&height=800&quality=95&format=auto"",""openGraph"":""https://cdn.dexscreener.com/token-images/og/base/0xceecb3d02b0839ed9f7688679276f523a11f955f?timestamp=1778308200000"",""socials"":[{""type"":""twitter"",""url"":""https://x.com/TryXonaAgent""}],""websites"":[]},""labels"":[""v4""],""liquidity"":{""base"":34154109972,""quote"":13.5495,""usd"":80392.58},""marketCap"":143492,""pairAddress"":""0x3307a8dd3c868a6e3d72aaa59565b4c983f011c80f80a2803d157603fa3b8367"",""pairCreatedAt"":1778300015000,""priceChange"":{""h1"":22.18,""h24"":763,""h6"":763,""m5"":14.09},""priceNative"":""0.0000000006195"",""priceUsd"":""0.000001434"",""quoteToken"":{""address"":""0x4200000000000000000000000000000000000006"",""name"":""Wrapped Ether"",""symbol"":""WETH""},""txns"":{""h1"":{""buys"":664,""sells"":699},""h24"":{""buys"":1636,""sells"":1531},""h6"":{""buys"":1636,""sells"":1531},""m5"":{""buys"":71,""sells"":54}},""url"":""https://dexscreener.com/base/0x3307a8dd3c868a6e3d72aaa59565b4c983f011c80f80a2803d157603fa3b8367"",""volume"":{""h1"":419409.8,""h24"":985608.11,""h6"":985608.11,""m5"":41476.65}}",2026-05-09T06:28:20+00:00
base:0x699959bec2c935037fbbefae6994e8ab299d5f87669ba3f290c40a02596b1c51,0x3de12fF28AdA220dE1981F5Fc5E7B445d496Fb07,base,uniswap,0x699959bec2c935037fbbefae6994e8ab299d5f87669ba3f290c40a02596b1c51,EverSwap,WETH,2026-05-09T04:13:47+00:00,,2.242671196111111,75754.35,,,,,1.563e-06,,63857.37,311568.43,311568.43,,,,,,,,,,,,,,,,,-32.91,,994.0,,"{""baseToken"":{""address"":""0x3de12fF28AdA220dE1981F5Fc5E7B445d496Fb07"",""name"":""EverSwap"",""symbol"":""EverSwap""},""chainId"":""base"",""dexId"":""uniswap"",""fdv"":156368,""info"":{""header"":""https://cdn.dexscreener.com/cms/images/cuiK3hAl6j5y_-sd?width=1500&height=500&quality=95&format=auto"",""imageUrl"":""https://cdn.dexscreener.com/cms/images/XdRuJrUjF44McoGC?width=800&height=800&quality=95&format=auto"",""openGraph"":""https://cdn.dexscreener.com/token-images/og/base/0x3de12ff28ada220de1981f5fc5e7b445d496fb07?timestamp=1778308200000"",""socials"":[{""type"":""twitter"",""url"":""https://x.com/EverSwapBase""}],""websites"":[]},""labels"":[""v4""],""liquidity"":{""base"":26889214783,""quote"":14.5529,""usd"":75754.35},""marketCap"":156368,""pairAddress"":""0x699959bec2c935037fbbefae6994e8ab299d5f87669ba3f290c40a02596b1c51"",""pairCreatedAt"":1778300027000,""priceChange"":{""h1"":-32.91,""h24"":994,""h6"":994,""m5"":16.52},""priceNative"":""0.0000000006750"",""priceUsd"":""0.000001563"",""quoteToken"":{""address"":""0x4200000000000000000000000000000000000006"",""name"":""Wrapped Ether"",""symbol"":""WETH""},""txns"":{""h1"":{""buys"":289,""sells"":650},""h24"":{""buys"":1033,""sells"":2069},""h6"":{""buys"":1033,""sells"":2069},""m5"":{""buys"":29,""sells"":49}},""url"":""https://dexscreener.com/base/0x699959bec2c935037fbbefae6994e8ab299d5f87669ba3f290c40a02596b1c51"",""volume"":{""h1"":63857.37,""h24"":311568.43,""h6"":311568.43,""m5"":5427.84}}",2026-05-09T06:28:20+00:00
base:0xa24c1c57f4d0f949be52f6ac32cbe5c13c89b405c776b2c63c4db98850ce6ebb,0xD9123E1C3e1cb83be8154543779Ab3134E0E39C7,base,uniswap,0xa24c1c57f4d0f949be52f6ac32cbe5c13c89b405c776b2c63c4db98850ce6ebb,AGENTIFY,flETH,2026-05-09T14:00:53+00:00,130.41261061666665,2.173543510277778,18064.88,19660.0,19660.0,1.0882995071099282,1.0882995071099282,1.966e-07,0.0,806.69,7776.8,7776.8,0.4304927572173189,0,0,0,0,3,4,71,24,7,95,0.42857142857142855,0,3,71,,7.04,87.18,87.18,,"{""baseToken"":{""address"":""0xD9123E1C3e1cb83be8154543779Ab3134E0E39C7"",""name"":""Agentify Protocol"",""symbol"":""AGENTIFY""},""chainId"":""base"",""dexId"":""uniswap"",""fdv"":19660,""info"":{""header"":""https://cdn.dexscreener.com/cms/images/3NeR60qqyEAomNRW?width=1500&height=500&quality=95&format=auto"",""imageUrl"":""https://cdn.dexscreener.com/cms/images/uYfhOMvZLeRqj-Lr?width=800&height=800&quality=95&format=auto"",""openGraph"":""https://cdn.dexscreener.com/token-images/og/base/0xd9123e1c3e1cb83be8154543779ab3134e0e39c7?timestamp=1778343000000"",""socials"":[{""type"":""twitter"",""url"":""https://x.com/Use_Agentify""}],""websites"":[{""label"":""Website"",""url"":""https://agentify.fun""}]},""labels"":[""v4""],""liquidity"":{""base"":71389700555,""quote"":1.7388,""usd"":18064.88},""marketCap"":19660,""pairAddress"":""0xa24c1c57f4d0f949be52f6ac32cbe5c13c89b405c776b2c63c4db98850ce6ebb"",""pairCreatedAt"":1778335253000,""priceChange"":{""h1"":7.04,""h24"":87.18,""h6"":87.18},""priceNative"":""0.00000000008484"",""priceUsd"":""0.0000001966"",""quoteToken"":{""address"":""0x000000000D564D5be76f7f0d28fE52605afC7Cf8"",""name"":""flETH"",""symbol"":""flETH""},""txns"":{""h1"":{""buys"":3,""sells"":4},""h24"":{""buys"":71,""sells"":24},""h6"":{""buys"":71,""sells"":24},""m5"":{""buys"":0,""sells"":0}},""url"":""https://dexscreener.com/base/0xa24c1c57f4d0f949be52f6ac32cbe5c13c89b405c776b2c63c4db98850ce6ebb"",""volume"":{""h1"":806.69,""h24"":7776.8,""h6"":7776.8,""m5"":0}}",2026-05-09T16:11:17+00:00
base:0x643dca507ad4c13e58601f44ba4ec9b58cd1a66568cf3d65f25aa43e3ee2d272,0x2A9c1C9325fEcd37bE10F9C1082192E955D54b07,base,uniswap,0x643dca507ad4c13e58601f44ba4ec9b58cd1a66568cf3d65f25aa43e3ee2d272,NOCOIN,WETH,2026-05-09T16:03:47+00:00,70.75189468333333,1.1791982447222222,52726.11,644746.0,644746.0,12.228211032446733,12.228211032446733,6.447e-06,4011.79,210047.26,243849.75,243849.75,4.624838623596545,38,61,38,61,803,1927,980,2214,2730,3194,0.29413919413919415,38,803,980,23.32,137.0,1644.0,1644.0,,"{""baseToken"":{""address"":""0x2A9c1C9325fEcd37bE10F9C1082192E955D54b07"",""name"":""NoCoin"",""symbol"":""NOCOIN""},""chainId"":""base"",""dexId"":""uniswap"",""fdv"":644746,""info"":{""header"":""https://cdn.dexscreener.com/cms/images/XYmvKGjEYxFoRFpn?width=1500&height=500&quality=95&format=auto"",""imageUrl"":""https://cdn.dexscreener.com/cms/images/vGb4sfm-6JyY98GL?width=800&height=800&quality=95&format=auto"",""openGraph"":""https://cdn.dexscreener.com/token-images/og/base/0x2a9c1c9325fecd37be10f9c1082192e955d54b07?timestamp=1778346900000"",""socials"":[{""type"":""twitter"",""url"":""https://x.com/NoCoin_1""}],""websites"":[{""label"":""Website"",""url"":""https://www.nocoin.live/""}]},""labels"":[""v4""],""liquidity"":{""base"":4663234361,""quote"":9.7227,""usd"":52726.11},""marketCap"":644746,""pairAddress"":""0x643dca507ad4c13e58601f44ba4ec9b58cd1a66568cf3d65f25aa43e3ee2d272"",""pairCreatedAt"":1778342627000,""priceChange"":{""h1"":137,""h24"":1644,""h6"":1644,""m5"":23.32},""priceNative"":""0.000000002766"",""priceUsd"":""0.000006447"",""quoteToken"":{""address"":""0x4200000000000000000000000000000000000006"",""name"":""Wrapped Ether"",""symbol"":""WETH""},""txns"":{""h1"":{""buys"":803,""sells"":1927},""h24"":{""buys"":980,""sells"":2214},""h6"":{""buys"":980,""sells"":2214},""m5"":{""buys"":38,""sells"":61}},""url"":""https://dexscreener.com/base/0x643dca507ad4c13e58601f44ba4ec9b58cd1a66568cf3d65f25aa43e3ee2d272"",""volume"":{""h1"":210047.26,""h24"":243849.75,""h6"":243849.75,""m5"":4011.79}}",2026-05-09T17:14:32+00:00
base:0x93e7c445d77E6506b77C869C469e4305c15c075B,0x10c56F005a379f8eAfc88ff5c3f40d30F0031AC9,base,uniswap,0x93e7c445d77E6506b77C869C469e4305c15c075B,SR,VIRTUAL,2026-04-06T11:12:31+00:00,47934.94429286667,798.9157382144444,296754.48,7376499.0,7376499.0,24.8572456260812,24.8572456260812,0.007376,347.7,1830.34,132184.65,246266.25,0.8298653149229627,4,3,4,3,43,33,445,305,76,750,0.5657894736842105,4,43,445,-0.2,-0.18,28.16,57.54,,"{""baseToken"":{""address"":""0x10c56F005a379f8eAfc88ff5c3f40d30F0031AC9"",""name"":""Strike Robot"",""symbol"":""SR""},""boosts"":{""active"":10},""chainId"":""base"",""dexId"":""uniswap"",""fdv"":7376499,""info"":{""header"":""https://cdn.dexscreener.com/cms/images/xaitxUi1I2Nam4S5?width=1500&height=500&quality=95&format=auto"",""imageUrl"":""https://cdn.dexscreener.com/cms/images/LLJfqC399vHTRkUY?width=800&height=800&quality=95&format=auto"",""openGraph"":""https://cdn.dexscreener.com/token-images/og/base/0x10c56f005a379f8eafc88ff5c3f40d30f0031ac9?timestamp=1778349900000"",""socials"":[{""type"":""twitter"",""url"":""https://x.com/StrikeRobot_ai""}],""websites"":[{""label"":""Website"",""url"":""https://strikerobot.ai/""},{""label"":""Docs"",""url"":""https://strikerobot.gitbook.io/strikerobot""},{""label"":""Github"",""url"":""https://github.com/orgs/StrikeRobot/repositories""}]},""labels"":[""v2""],""liquidity"":{""base"":20114860,""quote"":159027,""usd"":296754.48},""marketCap"":7376499,""pairAddress"":""0x93e7c445d77E6506b77C869C469e4305c15c075B"",""pairCreatedAt"":1775473951000,""priceChange"":{""h1"":-0.18,""h24"":57.54,""h6"":28.16,""m5"":-0.2},""priceNative"":""0.007905"",""priceUsd"":""0.007376"",""quoteToken"":{""address"":""0x0b3e328455c4059EEb9e3f84b5543F74E24e7E1b"",""name"":""Virtual Protocol"",""symbol"":""VIRTUAL""},""txns"":{""h1"":{""buys"":43,""sells"":33},""h24"":{""buys"":445,""sells"":305},""h6"":{""buys"":143,""sells"":115},""m5"":{""buys"":4,""sells"":3}},""url"":""https://dexscreener.com/base/0x93e7c445d77e6506b77c869c469e4305c15c075b"",""volume"":{""h1"":1830.34,""h24"":246266.25,""h6"":132184.65,""m5"":347.7}}",2026-05-09T18:07:27+00:00
