id,observed_at,chain_id,token_address,pair_address,accepted,signal_types,rejection_reasons,filter_version,security_status,raw_metrics
1,2026-05-07T11:34:07+00:00,base,0x6e6A3b8B8376eA65B92aD3F93Fe046C186e56764,0xf133B3D59AfE36897fDa1BE7e4b8111EfAf848E3,0,[],"[""liquidity_below_min"",""volume_24h_below_min"",""pair_too_young"",""missing_price_change_h1""]",v1.0,skipped_no_token,"{""base_name"":""AirCoin"",""base_symbol"":""AIR"",""boost_total_amount"":null,""buys_h1"":0,""chain_id"":""base"",""dex_id"":""uniswap"",""liquidity_usd"":900.41,""observed_at"":""2026-05-07T11:34:07+00:00"",""pair_address"":""0xf133B3D59AfE36897fDa1BE7e4b8111EfAf848E3"",""pair_age_hours"":4.445121939444444,""pair_created_at"":""2026-05-07T07:07:25+00:00"",""price_change_h1_pct"":null,""price_change_h24_pct"":null,""price_usd"":0.001083,""quote_symbol"":""WETH"",""raw_json"":{""baseToken"":{""address"":""0x6e6A3b8B8376eA65B92aD3F93Fe046C186e56764"",""name"":""AirCoin"",""symbol"":""AIR""},""chainId"":""base"",""dexId"":""uniswap"",""fdv"":8883390,""info"":{""imageUrl"":""https://cdn.dexscreener.com/cms/images/pO37iufz34h1BqHb?width=800&height=800&quality=95&format=auto"",""openGraph"":""https://cdn.dexscreener.com/token-images/og/base/0x6e6a3b8b8376ea65b92ad3f93fe046c186e56764?timestamp=1778153700000"",""socials"":[{""type"":""twitter"",""url"":""https://x.com/AirCoinHQ""},{""type"":""telegram"",""url"":""https://t.me/OfficialAirCoinGroup""}],""websites"":[{""label"":""Website"",""url"":""https://aircoinofficial.com""},{""label"":""Docs"",""url"":""https://raw.githubusercontent.com/luoweibo1/aircoin-/main/whitepaper.pdf""}]},""labels"":[""v3""],""liquidity"":{""base"":415597,""quote"":0.1924,""usd"":900.41},""marketCap"":8883390,""pairAddress"":""0xf133B3D59AfE36897fDa1BE7e4b8111EfAf848E3"",""pairCreatedAt"":1778137645000,""priceChange"":{},""priceNative"":""0.0000004632"",""priceUsd"":""0.001083"",""quoteToken"":{""address"":""0x4200000000000000000000000000000000000006"",""name"":""Wrapped Ether"",""symbol"":""WETH""},""txns"":{""h1"":{""buys"":0,""sells"":0},""h24"":{""buys"":0,""sells"":1},""h6"":{""buys"":0,""sells"":1},""m5"":{""buys"":0,""sells"":0}},""url"":""https://dexscreener.com/base/0xf133b3d59afe36897fda1be7e4b8111efaf848e3"",""volume"":{""h1"":0,""h24"":17.54,""h6"":17.54,""m5"":0}},""sells_h1"":0,""source_tags"":[""profile_latest""],""token_address"":""0x6e6A3b8B8376eA65B92aD3F93Fe046C186e56764"",""volume_h1_usd"":0.0,""volume_h24_usd"":17.54,""volume_h6_usd"":17.54}"
2,2026-05-07T11:34:07+00:00,base,0x188Af2a5d8eB00e7D7Ad6e2611A3024345a6fB07,0xf059302a533f0e21667ed1a136df8ab6f53c5172c6c6eff013aaa7d49e2bae55,0,[],"[""liquidity_below_min"",""volume_24h_below_min""]",v1.0,skipped_no_token,"{""base_name"":""Agent Royale"",""base_symbol"":""ROYALE"",""boost_total_amount"":null,""buys_h1"":5,""chain_id"":""base"",""dex_id"":""uniswap"",""liquidity_usd"":122211.13,""observed_at"":""2026-05-07T11:34:07+00:00"",""pair_address"":""0xf059302a533f0e21667ed1a136df8ab6f53c5172c6c6eff013aaa7d49e2bae55"",""pair_age_hours"":19.197344161666667,""pair_created_at"":""2026-05-06T16:22:17+00:00"",""price_change_h1_pct"":1.65,""price_change_h24_pct"":428.0,""price_usd"":1.297e-06,""quote_symbol"":""WETH"",""raw_json"":{""baseToken"":{""address"":""0x188Af2a5d8eB00e7D7Ad6e2611A3024345a6fB07"",""name"":""Agent Royale"",""symbol"":""ROYALE""},""chainId"":""base"",""dexId"":""uniswap"",""fdv"":129756,""info"":{""header"":""https://cdn.dexscreener.com/cms/images/mnxo6clqgZvhddr2?width=1500&height=500&quality=95&format=auto"",""imageUrl"":""https://cdn.dexscreener.com/cms/images/Km9tPPgqk-5TGGbA?width=800&height=800&quality=95&format=auto"",""openGraph"":""https://cdn.dexscreener.com/token-images/og/base/0x188af2a5d8eb00e7d7ad6e2611a3024345a6fb07?timestamp=1778153700000"",""socials"":[{""type"":""twitter"",""url"":""https://x.com/AgentRoyaleBase""},{""type"":""telegram"",""url"":""https://t.me/AgentRoyaleBase""}],""websites"":[{""label"":""Website"",""url"":""https://agentroyale.tech/""}]},""labels"":[""v4""],""liquidity"":{""base"":87728519693,""quote"":3.598,""usd"":122211.13},""marketCap"":129756,""pairAddress"":""0xf059302a533f0e21667ed1a136df8ab6f53c5172c6c6eff013aaa7d49e2bae55"",""pairCreatedAt"":1778084537000,""priceChange"":{""h1"":1.65,""h24"":428,""h6"":20.79},""priceNative"":""0.0000000005572"",""priceUsd"":""0.000001297"",""quoteToken"":{""address"":""0x4200000000000000000000000000000000000006"",""name"":""Wrapped Ether"",""symbol"":""WETH""},""txns"":{""h1"":{""buys"":5,""sells"":0},""h24"":{""buys"":124,""sells"":128},""h6"":{""buys"":36,""sells"":13},""m5"":{""buys"":0,""sells"":0}},""url"":""https://dexscreener.com/base/0xf059302a533f0e21667ed1a136df8ab6f53c5172c6c6eff013aaa7d49e2bae55"",""volume"":{""h1"":550.76,""h24"":15306.31,""h6"":3464.18,""m5"":0}},""sells_h1"":0,""source_tags"":[""profile_latest""],""token_address"":""0x188Af2a5d8eB00e7D7Ad6e2611A3024345a6fB07"",""volume_h1_usd"":550.76,""volume_h24_usd"":15306.31,""volume_h6_usd"":3464.18}"
3,2026-05-07T11:34:07+00:00,base,0x26Aa6B2C2d9fcD83D42e6e32059743805a0D4aA1,0xffd679508685a599a3f29f78a57ede189e73809ad539230196bd1039baa6b4e4,0,[],"[""liquidity_below_min"",""volume_24h_below_min"",""pair_too_young""]",v1.0,skipped_no_token,"{""base_name"":""GachaGrid"",""base_symbol"":""GACHA"",""boost_total_amount"":null,""buys_h1"":0,""chain_id"":""base"",""dex_id"":""uniswap"",""liquidity_usd"":10037.54,""observed_at"":""2026-05-07T11:34:07+00:00"",""pair_address"":""0xffd679508685a599a3f29f78a57ede189e73809ad539230196bd1039baa6b4e4"",""pair_age_hours"":1.6906774949999999,""pair_created_at"":""2026-05-07T09:52:41+00:00"",""price_change_h1_pct"":-0.65,""price_change_h24_pct"":-10.23,""price_usd"":1.003e-07,""quote_symbol"":""flETH"",""raw_json"":{""baseToken"":{""address"":""0x26Aa6B2C2d9fcD83D42e6e32059743805a0D4aA1"",""name"":""GachaGrid"",""symbol"":""GACHA""},""chainId"":""base"",""dexId"":""uniswap"",""fdv"":10037,""info"":{""header"":""https://cdn.dexscreener.com/cms/images/JdgdFoh-DnfkFxuD?width=1500&height=500&quality=95&format=auto"",""imageUrl"":""https://cdn.dexscreener.com/cms/images/eku-ONhYEOfpSEsu?width=800&height=800&quality=95&format=auto"",""openGraph"":""https://cdn.dexscreener.com/token-images/og/base/0x26aa6b2c2d9fcd83d42e6e32059743805a0d4aa1?timestamp=1778153700000"",""socials"":[{""type"":""twitter"",""url"":""https://x.com/TheGachaGrid""}],""websites"":[{""label"":""Website"",""url"":""https://gacha.fund/""}]},""labels"":[""v4""],""liquidity"":{""base"":99564250893,""quote"":0.01887,""usd"":10037.54},""marketCap"":10037,""pairAddress"":""0xffd679508685a599a3f29f78a57ede189e73809ad539230196bd1039baa6b4e4"",""pairCreatedAt"":1778147561000,""priceChange"":{""h1"":-0.65,""h24"":-10.23,""h6"":-10.23},""priceNative"":""0.00000000004313"",""priceUsd"":""0.0000001003"",""quoteToken"":{""address"":""0x000000000D564D5be76f7f0d28fE52605afC7Cf8"",""name"":""flETH"",""symbol"":""flETH""},""txns"":{""h1"":{""buys"":0,""sells"":1},""h24"":{""buys"":40,""sells"":41},""h6"":{""buys"":40,""sells"":41},""m5"":{""buys"":0,""sells"":0}},""url"":""https://dexscreener.com/base/0xffd679508685a599a3f29f78a57ede189e73809ad539230196bd1039baa6b4e4"",""volume"":{""h1"":43.4,""h24"":50169.67,""h6"":50169.67,""m5"":0}},""sells_h1"":1,""source_tags"":[""profile_latest""],""token_address"":""0x26Aa6B2C2d9fcD83D42e6e32059743805a0D4aA1"",""volume_h1_usd"":43.4,""volume_h24_usd"":50169.67,""volume_h6_usd"":50169.67}"
4,2026-05-07T11:34:07+00:00,base,0x34Ad856501D7566c06FdD8614DB9af3ff351Bd91,0x7167292c71f541a1f1d722c1db55dc61775cc327d114f9d0a433a0d58cf85a77,0,[],"[""liquidity_below_min"",""pair_too_young""]",v1.0,skipped_no_token,"{""base_name"":""TEN Agent"",""base_symbol"":""TEN"",""boost_total_amount"":null,""buys_h1"":423,""chain_id"":""base"",""dex_id"":""uniswap"",""liquidity_usd"":72605.75,""observed_at"":""2026-05-07T11:34:07+00:00"",""pair_address"":""0x7167292c71f541a1f1d722c1db55dc61775cc327d114f9d0a433a0d58cf85a77"",""pair_age_hours"":1.986788606111111,""pair_created_at"":""2026-05-07T09:34:55+00:00"",""price_change_h1_pct"":-58.86,""price_change_h24_pct"":602.0,""price_usd"":1.209e-05,""quote_symbol"":""WETH"",""raw_json"":{""baseToken"":{""address"":""0x34Ad856501D7566c06FdD8614DB9af3ff351Bd91"",""name"":""TEN Agent"",""symbol"":""TEN""},""chainId"":""base"",""dexId"":""uniswap"",""fdv"":120973,""info"":{""header"":""https://cdn.dexscreener.com/cms/images/MJGW0U-S8WGyWPlQ?width=1500&height=500&quality=95&format=auto"",""imageUrl"":""https://cdn.dexscreener.com/cms/images/vRqSvGBAC-1pQQU9?width=800&height=800&quality=95&format=auto"",""openGraph"":""https://cdn.dexscreener.com/token-images/og/base/0x34ad856501d7566c06fdd8614db9af3ff351bd91?timestamp=1778153700000"",""socials"":[],""websites"":[{""label"":""Website"",""url"":""https://github.com/ten-framework/ten-framework""}]},""labels"":[""v4""],""liquidity"":{""base"":3758936634,""quote"":11.6462,""usd"":72605.75},""marketCap"":120973,""pairAddress"":""0x7167292c71f541a1f1d722c1db55dc61775cc327d114f9d0a433a0d58cf85a77"",""pairCreatedAt"":1778146495000,""priceChange"":{""h1"":-58.86,""h24"":602,""h6"":602,""m5"":10.14},""priceNative"":""0.000000005192"",""priceUsd"":""0.00001209"",""quoteToken"":{""address"":""0x4200000000000000000000000000000000000006"",""name"":""Wrapped Ether"",""symbol"":""WETH""},""txns"":{""h1"":{""buys"":423,""sells"":283},""h24"":{""buys"":1079,""sells"":727},""h6"":{""buys"":1079,""sells"":727},""m5"":{""buys"":24,""sells"":8}},""url"":""https://dexscreener.com/base/0x7167292c71f541a1f1d722c1db55dc61775cc327d114f9d0a433a0d58cf85a77"",""volume"":{""h1"":308558,""h24"":676514.89,""h6"":676514.89,""m5"":16341.34}},""sells_h1"":283,""source_tags"":[""profile_latest""],""token_address"":""0x34Ad856501D7566c06FdD8614DB9af3ff351Bd91"",""volume_h1_usd"":308558.0,""volume_h24_usd"":676514.89,""volume_h6_usd"":676514.89}"
5,2026-05-07T11:34:07+00:00,base,0xB36A127dBa73F3aA7C70B4e00B7395B86A60e73b,0x361fe4debdbba6f69f0eded3634433c393645fd1f1ec60dd43d7b3fac40cca3c,0,[],"[""liquidity_below_min"",""volume_24h_below_min"",""missing_price_change_h1""]",v1.0,skipped_no_token,"{""base_name"":""RUSH GAME"",""base_symbol"":""RUSH"",""boost_total_amount"":10.0,""buys_h1"":0,""chain_id"":""base"",""dex_id"":""uniswap"",""liquidity_usd"":30784.06,""observed_at"":""2026-05-07T11:34:07+00:00"",""pair_address"":""0x361fe4debdbba6f69f0eded3634433c393645fd1f1ec60dd43d7b3fac40cca3c"",""pair_age_hours"":942.3078997172222,""pair_created_at"":""2026-03-29T05:15:39+00:00"",""price_change_h1_pct"":null,""price_change_h24_pct"":-22.55,""price_usd"":3.854e-07,""quote_symbol"":""flETH"",""raw_json"":{""baseToken"":{""address"":""0xB36A127dBa73F3aA7C70B4e00B7395B86A60e73b"",""name"":""RUSH GAME"",""symbol"":""RUSH""},""boosts"":{""active"":10},""chainId"":""base"",""dexId"":""uniswap"",""fdv"":38549,""info"":{""header"":""https://cdn.dexscreener.com/cms/images/U_napQnXFjTI_wsD?width=1500&height=500&quality=95&format=auto"",""imageUrl"":""https://cdn.dexscreener.com/cms/images/ScyTtP7vMIrcKJmL?width=800&height=800&quality=95&format=auto"",""openGraph"":""https://cdn.dexscreener.com/token-images/og/base/0xb36a127dba73f3aa7c70b4e00b7395b86a60e73b?timestamp=1778153700000"",""socials"":[{""type"":""twitter"",""url"":""https://x.com/rushgamewin""},{""type"":""telegram"",""url"":""https://t.me/rushgamevip""}],""websites"":[{""label"":""Website"",""url"":""https://www.rushgame.vip/""},{""label"":""Docs"",""url"":""https://www.rushgame.vip/docs""}]},""labels"":[""v4""],""liquidity"":{""base"":52740155688,""quote"":4.4902,""usd"":30784.06},""marketCap"":38549,""pairAddress"":""0x361fe4debdbba6f69f0eded3634433c393645fd1f1ec60dd43d7b3fac40cca3c"",""pairCreatedAt"":1774761339000,""priceChange"":{""h24"":-22.55,""h6"":-7.63},""priceNative"":""0.0000000001655"",""priceUsd"":""0.0000003854"",""quoteToken"":{""address"":""0x000000000D564D5be76f7f0d28fE52605afC7Cf8"",""name"":""flETH"",""symbol"":""flETH""},""txns"":{""h1"":{""buys"":0,""sells"":0},""h24"":{""buys"":6569,""sells"":6632},""h6"":{""buys"":6122,""sells"":6193},""m5"":{""buys"":0,""sells"":0}},""url"":""https://dexscreener.com/base/0x361fe4debdbba6f69f0eded3634433c393645fd1f1ec60dd43d7b3fac40cca3c"",""volume"":{""h1"":0,""h24"":23463.61,""h6"":18170.54,""m5"":0}},""sells_h1"":0,""source_tags"":[""boost_latest""],""token_address"":""0xB36A127dBa73F3aA7C70B4e00B7395B86A60e73b"",""volume_h1_usd"":0.0,""volume_h24_usd"":23463.61,""volume_h6_usd"":18170.54}"
6,2026-05-07T11:58:20+00:00,base,0x6e6A3b8B8376eA65B92aD3F93Fe046C186e56764,0xf133B3D59AfE36897fDa1BE7e4b8111EfAf848E3,0,[],"[""liquidity_below_min"",""volume_24h_below_min"",""pair_too_young"",""missing_price_change_h1""]",v1.0,skipped_no_token,"{""base_name"":""AirCoin"",""base_symbol"":""AIR"",""boost_total_amount"":null,""buys_h1"":0,""chain_id"":""base"",""dex_id"":""uniswap"",""liquidity_usd"":900.41,""observed_at"":""2026-05-07T11:58:20+00:00"",""pair_address"":""0xf133B3D59AfE36897fDa1BE7e4b8111EfAf848E3"",""pair_age_hours"":4.848816181388889,""pair_created_at"":""2026-05-07T07:07:25+00:00"",""price_change_h1_pct"":null,""price_change_h24_pct"":null,""price_usd"":0.001083,""quote_symbol"":""WETH"",""raw_json"":{""baseToken"":{""address"":""0x6e6A3b8B8376eA65B92aD3F93Fe046C186e56764"",""name"":""AirCoin"",""symbol"":""AIR""},""chainId"":""base"",""dexId"":""uniswap"",""fdv"":8883390,""info"":{""imageUrl"":""https://cdn.dexscreener.com/cms/images/pO37iufz34h1BqHb?width=800&height=800&quality=95&format=auto"",""openGraph"":""https://cdn.dexscreener.com/token-images/og/base/0x6e6a3b8b8376ea65b92ad3f93fe046c186e56764?timestamp=1778155200000"",""socials"":[{""type"":""twitter"",""url"":""https://x.com/AirCoinHQ""},{""type"":""telegram"",""url"":""https://t.me/OfficialAirCoinGroup""}],""websites"":[{""label"":""Website"",""url"":""https://aircoinofficial.com""},{""label"":""Docs"",""url"":""https://raw.githubusercontent.com/luoweibo1/aircoin-/main/whitepaper.pdf""}]},""labels"":[""v3""],""liquidity"":{""base"":415597,""quote"":0.1924,""usd"":900.41},""marketCap"":8883390,""pairAddress"":""0xf133B3D59AfE36897fDa1BE7e4b8111EfAf848E3"",""pairCreatedAt"":1778137645000,""priceChange"":{},""priceNative"":""0.0000004632"",""priceUsd"":""0.001083"",""quoteToken"":{""address"":""0x4200000000000000000000000000000000000006"",""name"":""Wrapped Ether"",""symbol"":""WETH""},""txns"":{""h1"":{""buys"":0,""sells"":0},""h24"":{""buys"":0,""sells"":1},""h6"":{""buys"":0,""sells"":1},""m5"":{""buys"":0,""sells"":0}},""url"":""https://dexscreener.com/base/0xf133b3d59afe36897fda1be7e4b8111efaf848e3"",""volume"":{""h1"":0,""h24"":17.54,""h6"":17.54,""m5"":0}},""sells_h1"":0,""source_tags"":[""profile_latest""],""token_address"":""0x6e6A3b8B8376eA65B92aD3F93Fe046C186e56764"",""volume_h1_usd"":0.0,""volume_h24_usd"":17.54,""volume_h6_usd"":17.54}"
7,2026-05-07T11:58:20+00:00,base,0x188Af2a5d8eB00e7D7Ad6e2611A3024345a6fB07,0xf059302a533f0e21667ed1a136df8ab6f53c5172c6c6eff013aaa7d49e2bae55,0,[],"[""liquidity_below_min"",""volume_24h_below_min""]",v1.0,skipped_no_token,"{""base_name"":""Agent Royale"",""base_symbol"":""ROYALE"",""boost_total_amount"":null,""buys_h1"":1,""chain_id"":""base"",""dex_id"":""uniswap"",""liquidity_usd"":122211.13,""observed_at"":""2026-05-07T11:58:20+00:00"",""pair_address"":""0xf059302a533f0e21667ed1a136df8ab6f53c5172c6c6eff013aaa7d49e2bae55"",""pair_age_hours"":19.601038403611113,""pair_created_at"":""2026-05-06T16:22:17+00:00"",""price_change_h1_pct"":0.03,""price_change_h24_pct"":428.0,""price_usd"":1.297e-06,""quote_symbol"":""WETH"",""raw_json"":{""baseToken"":{""address"":""0x188Af2a5d8eB00e7D7Ad6e2611A3024345a6fB07"",""name"":""Agent Royale"",""symbol"":""ROYALE""},""chainId"":""base"",""dexId"":""uniswap"",""fdv"":129756,""info"":{""header"":""https://cdn.dexscreener.com/cms/images/mnxo6clqgZvhddr2?width=1500&height=500&quality=95&format=auto"",""imageUrl"":""https://cdn.dexscreener.com/cms/images/Km9tPPgqk-5TGGbA?width=800&height=800&quality=95&format=auto"",""openGraph"":""https://cdn.dexscreener.com/token-images/og/base/0x188af2a5d8eb00e7d7ad6e2611a3024345a6fb07?timestamp=1778155200000"",""socials"":[{""type"":""twitter"",""url"":""https://x.com/AgentRoyaleBase""},{""type"":""telegram"",""url"":""https://t.me/AgentRoyaleBase""}],""websites"":[{""label"":""Website"",""url"":""https://agentroyale.tech/""}]},""labels"":[""v4""],""liquidity"":{""base"":87728519693,""quote"":3.598,""usd"":122211.13},""marketCap"":129756,""pairAddress"":""0xf059302a533f0e21667ed1a136df8ab6f53c5172c6c6eff013aaa7d49e2bae55"",""pairCreatedAt"":1778084537000,""priceChange"":{""h1"":0.03,""h24"":428,""h6"":20.4},""priceNative"":""0.0000000005572"",""priceUsd"":""0.000001297"",""quoteToken"":{""address"":""0x4200000000000000000000000000000000000006"",""name"":""Wrapped Ether"",""symbol"":""WETH""},""txns"":{""h1"":{""buys"":1,""sells"":0},""h24"":{""buys"":124,""sells"":128},""h6"":{""buys"":36,""sells"":11},""m5"":{""buys"":0,""sells"":0}},""url"":""https://dexscreener.com/base/0xf059302a533f0e21667ed1a136df8ab6f53c5172c6c6eff013aaa7d49e2bae55"",""volume"":{""h1"":0.04,""h24"":15306.31,""h6"":3462.68,""m5"":0}},""sells_h1"":0,""source_tags"":[""profile_latest""],""token_address"":""0x188Af2a5d8eB00e7D7Ad6e2611A3024345a6fB07"",""volume_h1_usd"":0.04,""volume_h24_usd"":15306.31,""volume_h6_usd"":3462.68}"
8,2026-05-07T11:58:20+00:00,base,0xB36A127dBa73F3aA7C70B4e00B7395B86A60e73b,0x361fe4debdbba6f69f0eded3634433c393645fd1f1ec60dd43d7b3fac40cca3c,0,[],"[""liquidity_below_min"",""volume_24h_below_min""]",v1.0,skipped_no_token,"{""base_name"":""RUSH GAME"",""base_symbol"":""RUSH"",""boost_total_amount"":10.0,""buys_h1"":0,""chain_id"":""base"",""dex_id"":""uniswap"",""liquidity_usd"":30773.75,""observed_at"":""2026-05-07T11:58:20+00:00"",""pair_address"":""0x361fe4debdbba6f69f0eded3634433c393645fd1f1ec60dd43d7b3fac40cca3c"",""pair_age_hours"":942.7115939591667,""pair_created_at"":""2026-03-29T05:15:39+00:00"",""price_change_h1_pct"":-0.04,""price_change_h24_pct"":-19.32,""price_usd"":3.853e-07,""quote_symbol"":""flETH"",""raw_json"":{""baseToken"":{""address"":""0xB36A127dBa73F3aA7C70B4e00B7395B86A60e73b"",""name"":""RUSH GAME"",""symbol"":""RUSH""},""boosts"":{""active"":10},""chainId"":""base"",""dexId"":""uniswap"",""fdv"":38533,""info"":{""header"":""https://cdn.dexscreener.com/cms/images/U_napQnXFjTI_wsD?width=1500&height=500&quality=95&format=auto"",""imageUrl"":""https://cdn.dexscreener.com/cms/images/ScyTtP7vMIrcKJmL?width=800&height=800&quality=95&format=auto"",""openGraph"":""https://cdn.dexscreener.com/token-images/og/base/0xb36a127dba73f3aa7c70b4e00b7395b86a60e73b?timestamp=1778155200000"",""socials"":[{""type"":""twitter"",""url"":""https://x.com/rushgamewin""},{""type"":""telegram"",""url"":""https://t.me/rushgamevip""}],""websites"":[{""label"":""Website"",""url"":""https://www.rushgame.vip/""},{""label"":""Docs"",""url"":""https://www.rushgame.vip/docs""}]},""labels"":[""v4""],""liquidity"":{""base"":52740155688,""quote"":4.4902,""usd"":30773.75},""marketCap"":38533,""pairAddress"":""0x361fe4debdbba6f69f0eded3634433c393645fd1f1ec60dd43d7b3fac40cca3c"",""pairCreatedAt"":1774761339000,""priceChange"":{""h1"":-0.04,""h24"":-19.32,""h6"":-7.67},""priceNative"":""0.0000000001655"",""priceUsd"":""0.0000003853"",""quoteToken"":{""address"":""0x000000000D564D5be76f7f0d28fE52605afC7Cf8"",""name"":""flETH"",""symbol"":""flETH""},""txns"":{""h1"":{""buys"":0,""sells"":1},""h24"":{""buys"":6569,""sells"":6630},""h6"":{""buys"":6122,""sells"":6194},""m5"":{""buys"":0,""sells"":0}},""url"":""https://dexscreener.com/base/0x361fe4debdbba6f69f0eded3634433c393645fd1f1ec60dd43d7b3fac40cca3c"",""volume"":{""h1"":2.61,""h24"":22455.31,""h6"":18173.16,""m5"":0}},""sells_h1"":1,""source_tags"":[""boost_latest""],""token_address"":""0xB36A127dBa73F3aA7C70B4e00B7395B86A60e73b"",""volume_h1_usd"":2.61,""volume_h24_usd"":22455.31,""volume_h6_usd"":18173.16}"
9,2026-05-07T12:58:38+00:00,base,0xAB3AF86f7E31A36b3df1848bD92301Df91f63B07,0xdedce6aa7096497571d417d45b02e841bf0c467f57dba260bdf7454ac4489abd,0,[],"[""missing_liquidity_usd""]",v1.0,skipped_no_token,"{""base_name"":""sato"",""base_symbol"":""sato"",""boost_total_amount"":null,""buys_h1"":182,""chain_id"":""base"",""dex_id"":""uniswap"",""liquidity_usd"":null,""observed_at"":""2026-05-07T12:58:38+00:00"",""pair_address"":""0xdedce6aa7096497571d417d45b02e841bf0c467f57dba260bdf7454ac4489abd"",""pair_age_hours"":1.1837090644444446,""pair_created_at"":""2026-05-07T11:47:37+00:00"",""price_change_h1_pct"":null,""price_change_h24_pct"":90982.0,""price_usd"":1e-05,""quote_symbol"":""USDC"",""raw_json"":{""baseToken"":{""address"":""0xAB3AF86f7E31A36b3df1848bD92301Df91f63B07"",""name"":""sato"",""symbol"":""sato""},""chainId"":""base"",""dexId"":""uniswap"",""fdv"":1000704,""info"":{""header"":""https://cdn.dexscreener.com/cms/images/Q_HBWUisylgLum7T?width=1500&height=500&quality=95&format=auto"",""imageUrl"":""https://cdn.dexscreener.com/cms/images/dbqqEVb4ydBRmdKP?width=800&height=800&quality=95&format=auto"",""openGraph"":""https://cdn.dexscreener.com/token-images/og/base/0xab3af86f7e31a36b3df1848bd92301df91f63b07?timestamp=1778158800000"",""socials"":[],""websites"":[{""label"":""Website"",""url"":""https://sat0.org/""}]},""labels"":[""v4""],""marketCap"":1000704,""pairAddress"":""0xdedce6aa7096497571d417d45b02e841bf0c467f57dba260bdf7454ac4489abd"",""pairCreatedAt"":1778154457000,""priceChange"":{""h24"":90982,""h6"":90982},""priceNative"":""0.00001000"",""priceUsd"":""0.00001000"",""quoteToken"":{""address"":""0x833589fCD6eDb6E08f4c7C32D4f71b54bdA02913"",""name"":""USD Coin"",""symbol"":""USDC""},""txns"":{""h1"":{""buys"":182,""sells"":177},""h24"":{""buys"":191,""sells"":178},""h6"":{""buys"":191,""sells"":178},""m5"":{""buys"":21,""sells"":21}},""url"":""https://dexscreener.com/base/0xdedce6aa7096497571d417d45b02e841bf0c467f57dba260bdf7454ac4489abd"",""volume"":{""h1"":849.91,""h24"":463081.53,""h6"":463081.53,""m5"":53.4}},""sells_h1"":177,""source_tags"":[""profile_latest""],""token_address"":""0xAB3AF86f7E31A36b3df1848bD92301Df91f63B07"",""volume_h1_usd"":849.91,""volume_h24_usd"":463081.53,""volume_h6_usd"":463081.53}"
10,2026-05-07T12:58:38+00:00,base,0x6e6A3b8B8376eA65B92aD3F93Fe046C186e56764,0xf133B3D59AfE36897fDa1BE7e4b8111EfAf848E3,0,[],"[""liquidity_below_min"",""volume_24h_below_min"",""pair_too_young"",""missing_price_change_h1""]",v1.0,skipped_no_token,"{""base_name"":""AirCoin"",""base_symbol"":""AIR"",""boost_total_amount"":null,""buys_h1"":0,""chain_id"":""base"",""dex_id"":""uniswap"",""liquidity_usd"":900.41,""observed_at"":""2026-05-07T12:58:38+00:00"",""pair_address"":""0xf133B3D59AfE36897fDa1BE7e4b8111EfAf848E3"",""pair_age_hours"":5.853709064444444,""pair_created_at"":""2026-05-07T07:07:25+00:00"",""price_change_h1_pct"":null,""price_change_h24_pct"":null,""price_usd"":0.001083,""quote_symbol"":""WETH"",""raw_json"":{""baseToken"":{""address"":""0x6e6A3b8B8376eA65B92aD3F93Fe046C186e56764"",""name"":""AirCoin"",""symbol"":""AIR""},""chainId"":""base"",""dexId"":""uniswap"",""fdv"":8883390,""info"":{""imageUrl"":""https://cdn.dexscreener.com/cms/images/pO37iufz34h1BqHb?width=800&height=800&quality=95&format=auto"",""openGraph"":""https://cdn.dexscreener.com/token-images/og/base/0x6e6a3b8b8376ea65b92ad3f93fe046c186e56764?timestamp=1778158800000"",""socials"":[{""type"":""twitter"",""url"":""https://x.com/AirCoinHQ""},{""type"":""telegram"",""url"":""https://t.me/OfficialAirCoinGroup""}],""websites"":[{""label"":""Website"",""url"":""https://aircoinofficial.com""},{""label"":""Docs"",""url"":""https://raw.githubusercontent.com/luoweibo1/aircoin-/main/whitepaper.pdf""}]},""labels"":[""v3""],""liquidity"":{""base"":415597,""quote"":0.1924,""usd"":900.41},""marketCap"":8883390,""pairAddress"":""0xf133B3D59AfE36897fDa1BE7e4b8111EfAf848E3"",""pairCreatedAt"":1778137645000,""priceChange"":{},""priceNative"":""0.0000004632"",""priceUsd"":""0.001083"",""quoteToken"":{""address"":""0x4200000000000000000000000000000000000006"",""name"":""Wrapped Ether"",""symbol"":""WETH""},""txns"":{""h1"":{""buys"":0,""sells"":0},""h24"":{""buys"":0,""sells"":1},""h6"":{""buys"":0,""sells"":1},""m5"":{""buys"":0,""sells"":0}},""url"":""https://dexscreener.com/base/0xf133b3d59afe36897fda1be7e4b8111efaf848e3"",""volume"":{""h1"":0,""h24"":17.54,""h6"":17.54,""m5"":0}},""sells_h1"":0,""source_tags"":[""profile_latest""],""token_address"":""0x6e6A3b8B8376eA65B92aD3F93Fe046C186e56764"",""volume_h1_usd"":0.0,""volume_h24_usd"":17.54,""volume_h6_usd"":17.54}"
11,2026-05-07T12:58:38+00:00,base,0x10c56F005a379f8eAfc88ff5c3f40d30F0031AC9,0x93e7c445d77E6506b77C869C469e4305c15c075B,0,[],"[""liquidity_below_min""]",v1.0,skipped_no_token,"{""base_name"":""Strike Robot"",""base_symbol"":""SR"",""boost_total_amount"":100.0,""buys_h1"":54,""chain_id"":""base"",""dex_id"":""uniswap"",""liquidity_usd"":289907.03,""observed_at"":""2026-05-07T12:58:38+00:00"",""pair_address"":""0x93e7c445d77E6506b77C869C469e4305c15c075B"",""pair_age_hours"":745.7687090644445,""pair_created_at"":""2026-04-06T11:12:31+00:00"",""price_change_h1_pct"":1.8,""price_change_h24_pct"":15.49,""price_usd"":0.007111,""quote_symbol"":""VIRTUAL"",""raw_json"":{""baseToken"":{""address"":""0x10c56F005a379f8eAfc88ff5c3f40d30F0031AC9"",""name"":""Strike Robot"",""symbol"":""SR""},""boosts"":{""active"":100},""chainId"":""base"",""dexId"":""uniswap"",""fdv"":7111379,""info"":{""header"":""https://cdn.dexscreener.com/cms/images/xaitxUi1I2Nam4S5?width=1500&height=500&quality=95&format=auto"",""imageUrl"":""https://cdn.dexscreener.com/cms/images/LLJfqC399vHTRkUY?width=800&height=800&quality=95&format=auto"",""openGraph"":""https://cdn.dexscreener.com/token-images/og/base/0x10c56f005a379f8eafc88ff5c3f40d30f0031ac9?timestamp=1778158800000"",""socials"":[{""type"":""twitter"",""url"":""https://x.com/StrikeRobot_ai""}],""websites"":[{""label"":""Website"",""url"":""https://strikerobot.ai/""},{""label"":""Docs"",""url"":""https://strikerobot.gitbook.io/strikerobot""},{""label"":""Github"",""url"":""https://github.com/orgs/StrikeRobot/repositories""}]},""labels"":[""v2""],""liquidity"":{""base"":20383321,""quote"":155317,""usd"":289907.03},""marketCap"":7111379,""pairAddress"":""0x93e7c445d77E6506b77C869C469e4305c15c075B"",""pairCreatedAt"":1775473951000,""priceChange"":{""h1"":1.8,""h24"":15.49,""h6"":15.79,""m5"":0.01},""priceNative"":""0.007619"",""priceUsd"":""0.007111"",""quoteToken"":{""address"":""0x0b3e328455c4059EEb9e3f84b5543F74E24e7E1b"",""name"":""Virtual Protocol"",""symbol"":""VIRTUAL""},""txns"":{""h1"":{""buys"":54,""sells"":32},""h24"":{""buys"":1504,""sells"":897},""h6"":{""buys"":319,""sells"":239},""m5"":{""buys"":4,""sells"":0}},""url"":""https://dexscreener.com/base/0x93e7c445d77e6506b77c869c469e4305c15c075b"",""volume"":{""h1"":1954.83,""h24"":642341.04,""h6"":227709.25,""m5"":16.83}},""sells_h1"":32,""source_tags"":[""boost_top""],""token_address"":""0x10c56F005a379f8eAfc88ff5c3f40d30F0031AC9"",""volume_h1_usd"":1954.83,""volume_h24_usd"":642341.04,""volume_h6_usd"":227709.25}"
12,2026-05-07T14:05:11+00:00,base,0x3B84CaCB7F66f9Ab9caca4Ac92112E9dB1821E02,0x317354a6eb91877686afae7319c8d828c3ff675cf76c3d074eb365b34c242d6f,0,[],"[""liquidity_below_min"",""pair_too_young"",""h1_move_overextended""]",v1.0,skipped_no_token,"{""base_name"":""Spectra Art"",""base_symbol"":""Spectra"",""boost_total_amount"":null,""buys_h1"":250,""chain_id"":""base"",""dex_id"":""uniswap"",""liquidity_usd"":51475.53,""observed_at"":""2026-05-07T14:05:11+00:00"",""pair_address"":""0x317354a6eb91877686afae7319c8d828c3ff675cf76c3d074eb365b34c242d6f"",""pair_age_hours"":0.38890397944444444,""pair_created_at"":""2026-05-07T13:41:51+00:00"",""price_change_h1_pct"":226.0,""price_change_h24_pct"":226.0,""price_usd"":6.613e-07,""quote_symbol"":""WETH"",""raw_json"":{""baseToken"":{""address"":""0x3B84CaCB7F66f9Ab9caca4Ac92112E9dB1821E02"",""name"":""Spectra Art"",""symbol"":""Spectra""},""chainId"":""base"",""dexId"":""uniswap"",""fdv"":66137,""info"":{""header"":""https://cdn.dexscreener.com/cms/images/Pl1l-RQ_OF6DhBY6?width=1500&height=500&quality=95&format=auto"",""imageUrl"":""https://cdn.dexscreener.com/cms/images/Avt0SlestREAuMN7?width=800&height=800&quality=95&format=auto"",""openGraph"":""https://cdn.dexscreener.com/token-images/og/base/0x3b84cacb7f66f9ab9caca4ac92112e9db1821e02?timestamp=1778162700000"",""socials"":[{""type"":""twitter"",""url"":""https://x.com/spectra_art_""}],""websites"":[]},""labels"":[""v4""],""liquidity"":{""base"":52460690715,""quote"":7.2545,""usd"":51475.53},""marketCap"":66137,""pairAddress"":""0x317354a6eb91877686afae7319c8d828c3ff675cf76c3d074eb365b34c242d6f"",""pairCreatedAt"":1778161311000,""priceChange"":{""h1"":226,""h24"":226,""h6"":226,""m5"":-48.64},""priceNative"":""0.0000000002859"",""priceUsd"":""0.0000006613"",""quoteToken"":{""address"":""0x4200000000000000000000000000000000000006"",""name"":""Wrapped Ether"",""symbol"":""WETH""},""txns"":{""h1"":{""buys"":250,""sells"":184},""h24"":{""buys"":250,""sells"":184},""h6"":{""buys"":250,""sells"":184},""m5"":{""buys"":67,""sells"":40}},""url"":""https://dexscreener.com/base/0x317354a6eb91877686afae7319c8d828c3ff675cf76c3d074eb365b34c242d6f"",""volume"":{""h1"":132198.77,""h24"":132198.77,""h6"":132198.77,""m5"":38961.82}},""sells_h1"":184,""source_tags"":[""profile_latest""],""token_address"":""0x3B84CaCB7F66f9Ab9caca4Ac92112E9dB1821E02"",""volume_h1_usd"":132198.77,""volume_h24_usd"":132198.77,""volume_h6_usd"":132198.77}"
13,2026-05-07T14:05:11+00:00,base,0xe1A4c41579756da0c981Ccf8C3cc0aab686f7324,0x60a376c0669667d9d7a583198970b4a9283a3f765d3e9aa54801ee67e4664dc9,0,[],"[""liquidity_below_min"",""pair_too_young"",""h1_move_overextended""]",v1.0,skipped_no_token,"{""base_name"":""Pharmachain AI"",""base_symbol"":""PHAI"",""boost_total_amount"":null,""buys_h1"":589,""chain_id"":""base"",""dex_id"":""uniswap"",""liquidity_usd"":110909.52,""observed_at"":""2026-05-07T14:05:11+00:00"",""pair_address"":""0x60a376c0669667d9d7a583198970b4a9283a3f765d3e9aa54801ee67e4664dc9"",""pair_age_hours"":0.6777928683333333,""pair_created_at"":""2026-05-07T13:24:31+00:00"",""price_change_h1_pct"":724.0,""price_change_h24_pct"":724.0,""price_usd"":1.936e-06,""quote_symbol"":""WETH"",""raw_json"":{""baseToken"":{""address"":""0xe1A4c41579756da0c981Ccf8C3cc0aab686f7324"",""name"":""Pharmachain AI"",""symbol"":""PHAI""},""chainId"":""base"",""dexId"":""uniswap"",""fdv"":193625,""info"":{""header"":""https://cdn.dexscreener.com/cms/images/j6WOUidI4hFALBty?width=1500&height=500&quality=95&format=auto"",""imageUrl"":""https://cdn.dexscreener.com/cms/images/2JK9nZDRVKVU3ed9?width=800&height=800&quality=95&format=auto"",""openGraph"":""https://cdn.dexscreener.com/token-images/og/base/0xe1a4c41579756da0c981ccf8c3cc0aab686f7324?timestamp=1778162700000"",""socials"":[{""type"":""twitter"",""url"":""https://x.com/pharmachain_AI""}],""websites"":[]},""labels"":[""v4""],""liquidity"":{""base"":34743833967,""quote"":18.8658,""usd"":110909.52},""marketCap"":193625,""pairAddress"":""0x60a376c0669667d9d7a583198970b4a9283a3f765d3e9aa54801ee67e4664dc9"",""pairCreatedAt"":1778160271000,""priceChange"":{""h1"":724,""h24"":724,""h6"":724,""m5"":-12.36},""priceNative"":""0.0000000008371"",""priceUsd"":""0.000001936"",""quoteToken"":{""address"":""0x4200000000000000000000000000000000000006"",""name"":""Wrapped Ether"",""symbol"":""WETH""},""txns"":{""h1"":{""buys"":589,""sells"":296},""h24"":{""buys"":589,""sells"":296},""h6"":{""buys"":589,""sells"":296},""m5"":{""buys"":49,""sells"":31}},""url"":""https://dexscreener.com/base/0x60a376c0669667d9d7a583198970b4a9283a3f765d3e9aa54801ee67e4664dc9"",""volume"":{""h1"":251911.48,""h24"":251911.48,""h6"":251911.48,""m5"":22840.84}},""sells_h1"":296,""source_tags"":[""profile_latest""],""token_address"":""0xe1A4c41579756da0c981Ccf8C3cc0aab686f7324"",""volume_h1_usd"":251911.48,""volume_h24_usd"":251911.48,""volume_h6_usd"":251911.48}"
14,2026-05-07T14:05:11+00:00,base,0x5473bC1d0C564EB9db1391b195Fc0A5007Db5073,0x52316a2ec4f71d0e5e67498966053d9331b775d82496447d95fd1620b0896c4d,0,[],"[""liquidity_below_min"",""volume_24h_below_min"",""pair_too_young""]",v1.0,skipped_no_token,"{""base_name"":""Clawd Ralph"",""base_symbol"":""CR"",""boost_total_amount"":null,""buys_h1"":80,""chain_id"":""base"",""dex_id"":""uniswap"",""liquidity_usd"":10492.6,""observed_at"":""2026-05-07T14:05:11+00:00"",""pair_address"":""0x52316a2ec4f71d0e5e67498966053d9331b775d82496447d95fd1620b0896c4d"",""pair_age_hours"":1.9250150905555556,""pair_created_at"":""2026-05-07T12:09:41+00:00"",""price_change_h1_pct"":-39.79,""price_change_h24_pct"":2.25,""price_usd"":1.049e-07,""quote_symbol"":""flETH"",""raw_json"":{""baseToken"":{""address"":""0x5473bC1d0C564EB9db1391b195Fc0A5007Db5073"",""name"":""Clawd Ralph"",""symbol"":""CR""},""chainId"":""base"",""dexId"":""uniswap"",""fdv"":10499,""info"":{""header"":""https://cdn.dexscreener.com/cms/images/tYXUcrCcbmoADo1z?width=1500&height=500&quality=95&format=auto"",""imageUrl"":""https://cdn.dexscreener.com/cms/images/-zFHCFvTYXJ8Neze?width=800&height=800&quality=95&format=auto"",""openGraph"":""https://cdn.dexscreener.com/token-images/og/base/0x5473bc1d0c564eb9db1391b195fc0a5007db5073?timestamp=1778162700000"",""socials"":[{""type"":""twitter"",""url"":""https://x.com/clawdralph""}],""websites"":[{""label"":""Website"",""url"":""https://clawdralph.tech""}]},""labels"":[""v4""],""liquidity"":{""base"":97158077659,""quote"":0.1261,""usd"":10492.6},""marketCap"":10499,""pairAddress"":""0x52316a2ec4f71d0e5e67498966053d9331b775d82496447d95fd1620b0896c4d"",""pairCreatedAt"":1778155781000,""priceChange"":{""h1"":-39.79,""h24"":2.25,""h6"":2.25},""priceNative"":""0.00000000004531"",""priceUsd"":""0.0000001049"",""quoteToken"":{""address"":""0x000000000D564D5be76f7f0d28fE52605afC7Cf8"",""name"":""flETH"",""symbol"":""flETH""},""txns"":{""h1"":{""buys"":80,""sells"":34},""h24"":{""buys"":180,""sells"":54},""h6"":{""buys"":180,""sells"":54},""m5"":{""buys"":0,""sells"":0}},""url"":""https://dexscreener.com/base/0x52316a2ec4f71d0e5e67498966053d9331b775d82496447d95fd1620b0896c4d"",""volume"":{""h1"":6661.9,""h24"":17581.32,""h6"":17581.32,""m5"":0}},""sells_h1"":34,""source_tags"":[""profile_latest""],""token_address"":""0x5473bC1d0C564EB9db1391b195Fc0A5007Db5073"",""volume_h1_usd"":6661.9,""volume_h24_usd"":17581.32,""volume_h6_usd"":17581.32}"
15,2026-05-07T14:05:11+00:00,base,0x10c56F005a379f8eAfc88ff5c3f40d30F0031AC9,0x93e7c445d77E6506b77C869C469e4305c15c075B,0,[],"[""liquidity_below_min""]",v1.0,skipped_no_token,"{""base_name"":""Strike Robot"",""base_symbol"":""SR"",""boost_total_amount"":100.0,""buys_h1"":51,""chain_id"":""base"",""dex_id"":""uniswap"",""liquidity_usd"":277421.29,""observed_at"":""2026-05-07T14:05:11+00:00"",""pair_address"":""0x93e7c445d77E6506b77C869C469e4305c15c075B"",""pair_age_hours"":746.8777928683334,""pair_created_at"":""2026-04-06T11:12:31+00:00"",""price_change_h1_pct"":-7.51,""price_change_h24_pct"":10.39,""price_usd"":0.006575,""quote_symbol"":""VIRTUAL"",""raw_json"":{""baseToken"":{""address"":""0x10c56F005a379f8eAfc88ff5c3f40d30F0031AC9"",""name"":""Strike Robot"",""symbol"":""SR""},""boosts"":{""active"":100},""chainId"":""base"",""dexId"":""uniswap"",""fdv"":6575689,""info"":{""header"":""https://cdn.dexscreener.com/cms/images/xaitxUi1I2Nam4S5?width=1500&height=500&quality=95&format=auto"",""imageUrl"":""https://cdn.dexscreener.com/cms/images/LLJfqC399vHTRkUY?width=800&height=800&quality=95&format=auto"",""openGraph"":""https://cdn.dexscreener.com/token-images/og/base/0x10c56f005a379f8eafc88ff5c3f40d30f0031ac9?timestamp=1778162700000"",""socials"":[{""type"":""twitter"",""url"":""https://x.com/StrikeRobot_ai""}],""websites"":[{""label"":""Website"",""url"":""https://strikerobot.ai/""},{""label"":""Docs"",""url"":""https://strikerobot.gitbook.io/strikerobot""},{""label"":""Github"",""url"":""https://github.com/orgs/StrikeRobot/repositories""}]},""labels"":[""v2""],""liquidity"":{""base"":21094466,""quote"":150123,""usd"":277421.29},""marketCap"":6575689,""pairAddress"":""0x93e7c445d77E6506b77C869C469e4305c15c075B"",""pairCreatedAt"":1775473951000,""priceChange"":{""h1"":-7.51,""h24"":10.39,""h6"":2.4,""m5"":0.02},""priceNative"":""0.007116"",""priceUsd"":""0.006575"",""quoteToken"":{""address"":""0x0b3e328455c4059EEb9e3f84b5543F74E24e7E1b"",""name"":""Virtual Protocol"",""symbol"":""VIRTUAL""},""txns"":{""h1"":{""buys"":51,""sells"":33},""h24"":{""buys"":1507,""sells"":908},""h6"":{""buys"":321,""sells"":234},""m5"":{""buys"":3,""sells"":0}},""url"":""https://dexscreener.com/base/0x93e7c445d77e6506b77c869c469e4305c15c075b"",""volume"":{""h1"":12988.91,""h24"":652796.98,""h6"":181514.2,""m5"":14.74}},""sells_h1"":33,""source_tags"":[""boost_top""],""token_address"":""0x10c56F005a379f8eAfc88ff5c3f40d30F0031AC9"",""volume_h1_usd"":12988.91,""volume_h24_usd"":652796.98,""volume_h6_usd"":181514.2}"
16,2026-05-07T15:12:09+00:00,base,0x2B66E3046ce3B41414A2B34f56DcA4553AE1d5C5,0xc97c3170e142b056f6feea1238a77f024b40df56d57d3a9c03e4c82f22097513,0,[],"[""liquidity_below_min"",""pair_too_young"",""h1_move_overextended""]",v1.0,skipped_no_token,"{""base_name"":""Tycoon"",""base_symbol"":""TYCOON"",""boost_total_amount"":null,""buys_h1"":713,""chain_id"":""base"",""dex_id"":""uniswap"",""liquidity_usd"":140307.28,""observed_at"":""2026-05-07T15:12:09+00:00"",""pair_address"":""0xc97c3170e142b056f6feea1238a77f024b40df56d57d3a9c03e4c82f22097513"",""pair_age_hours"":0.9211487033333333,""pair_created_at"":""2026-05-07T14:16:53+00:00"",""price_change_h1_pct"":1092.0,""price_change_h24_pct"":1092.0,""price_usd"":2.886e-06,""quote_symbol"":""WETH"",""raw_json"":{""baseToken"":{""address"":""0x2B66E3046ce3B41414A2B34f56DcA4553AE1d5C5"",""name"":""Tycoon"",""symbol"":""TYCOON""},""chainId"":""base"",""dexId"":""uniswap"",""fdv"":288621,""info"":{""header"":""https://cdn.dexscreener.com/cms/images/PKyPs1PojyfHa8ok?width=1500&height=500&quality=95&format=auto"",""imageUrl"":""https://cdn.dexscreener.com/cms/images/ZhJucxV1uTaeQzPS?width=800&height=800&quality=95&format=auto"",""openGraph"":""https://cdn.dexscreener.com/token-images/og/base/0x2b66e3046ce3b41414a2b34f56dca4553ae1d5c5?timestamp=1778166600000"",""socials"":[{""type"":""twitter"",""url"":""https://x.com/Tycoon_AI""}],""websites"":[]},""labels"":[""v4""],""liquidity"":{""base"":26683654768,""quote"":27.5003,""usd"":140307.28},""marketCap"":288621,""pairAddress"":""0xc97c3170e142b056f6feea1238a77f024b40df56d57d3a9c03e4c82f22097513"",""pairCreatedAt"":1778163413000,""priceChange"":{""h1"":1092,""h24"":1092,""h6"":1092,""m5"":-33.17},""priceNative"":""0.000000001254"",""priceUsd"":""0.000002886"",""quoteToken"":{""address"":""0x4200000000000000000000000000000000000006"",""name"":""Wrapped Ether"",""symbol"":""WETH""},""txns"":{""h1"":{""buys"":713,""sells"":532},""h24"":{""buys"":713,""sells"":532},""h6"":{""buys"":713,""sells"":532},""m5"":{""buys"":73,""sells"":40}},""url"":""https://dexscreener.com/base/0xc97c3170e142b056f6feea1238a77f024b40df56d57d3a9c03e4c82f22097513"",""volume"":{""h1"":487708.3,""h24"":487708.3,""h6"":487708.3,""m5"":59433.16}},""sells_h1"":532,""source_tags"":[""profile_latest""],""token_address"":""0x2B66E3046ce3B41414A2B34f56DcA4553AE1d5C5"",""volume_h1_usd"":487708.3,""volume_h24_usd"":487708.3,""volume_h6_usd"":487708.3}"
17,2026-05-07T15:12:09+00:00,base,0x072f4B2f239e3e470A496792623adDC08b0fb6b0,0x9c686dc54c91031abb31d8a1bfaeb2cba645e5689645bb977017628220e824f3,0,[],"[""liquidity_below_min"",""pair_too_young"",""h1_move_overextended""]",v1.0,skipped_no_token,"{""base_name"":""Gacha Fund"",""base_symbol"":""GACHA"",""boost_total_amount"":null,""buys_h1"":833,""chain_id"":""base"",""dex_id"":""uniswap"",""liquidity_usd"":63796.75,""observed_at"":""2026-05-07T15:12:09+00:00"",""pair_address"":""0x9c686dc54c91031abb31d8a1bfaeb2cba645e5689645bb977017628220e824f3"",""pair_age_hours"":0.9222598144444444,""pair_created_at"":""2026-05-07T14:16:49+00:00"",""price_change_h1_pct"":2337.0,""price_change_h24_pct"":2337.0,""price_usd"":3.009e-05,""quote_symbol"":""WETH"",""raw_json"":{""baseToken"":{""address"":""0x072f4B2f239e3e470A496792623adDC08b0fb6b0"",""name"":""Gacha Fund"",""symbol"":""GACHA""},""chainId"":""base"",""dexId"":""uniswap"",""fdv"":180570,""info"":{""header"":""https://cdn.dexscreener.com/cms/images/MipkBGORTMaGz98F?width=1500&height=500&quality=95&format=auto"",""imageUrl"":""https://cdn.dexscreener.com/cms/images/zZJP5NJKH8JLG8AK?width=800&height=800&quality=95&format=auto"",""openGraph"":""https://cdn.dexscreener.com/token-images/og/base/0x072f4b2f239e3e470a496792623addc08b0fb6b0?timestamp=1778166600000"",""socials"":[],""websites"":[]},""labels"":[""v4""],""liquidity"":{""base"":1194135846,""quote"":12.1047,""usd"":63796.75},""marketCap"":180570,""pairAddress"":""0x9c686dc54c91031abb31d8a1bfaeb2cba645e5689645bb977017628220e824f3"",""pairCreatedAt"":1778163409000,""priceChange"":{""h1"":2337,""h24"":2337,""h6"":2337,""m5"":20.54},""priceNative"":""0.00000001307"",""priceUsd"":""0.00003009"",""quoteToken"":{""address"":""0x4200000000000000000000000000000000000006"",""name"":""Wrapped Ether"",""symbol"":""WETH""},""txns"":{""h1"":{""buys"":833,""sells"":594},""h24"":{""buys"":833,""sells"":594},""h6"":{""buys"":833,""sells"":594},""m5"":{""buys"":75,""sells"":47}},""url"":""https://dexscreener.com/base/0x9c686dc54c91031abb31d8a1bfaeb2cba645e5689645bb977017628220e824f3"",""volume"":{""h1"":410496.28,""h24"":410496.28,""h6"":410496.28,""m5"":39283.53}},""sells_h1"":594,""source_tags"":[""profile_latest""],""token_address"":""0x072f4B2f239e3e470A496792623adDC08b0fb6b0"",""volume_h1_usd"":410496.28,""volume_h24_usd"":410496.28,""volume_h6_usd"":410496.28}"
18,2026-05-07T15:12:09+00:00,base,0x3B84CaCB7F66f9Ab9caca4Ac92112E9dB1821E02,0x317354a6eb91877686afae7319c8d828c3ff675cf76c3d074eb365b34c242d6f,0,[],"[""liquidity_below_min"",""pair_too_young"",""missing_price_change_h1""]",v1.0,skipped_no_token,"{""base_name"":""Spectra Art"",""base_symbol"":""Spectra"",""boost_total_amount"":null,""buys_h1"":3,""chain_id"":""base"",""dex_id"":""uniswap"",""liquidity_usd"":44892.63,""observed_at"":""2026-05-07T15:12:09+00:00"",""pair_address"":""0x317354a6eb91877686afae7319c8d828c3ff675cf76c3d074eb365b34c242d6f"",""pair_age_hours"":1.505037592222222,""pair_created_at"":""2026-05-07T13:41:51+00:00"",""price_change_h1_pct"":null,""price_change_h24_pct"":167.0,""price_usd"":5.424e-07,""quote_symbol"":""WETH"",""raw_json"":{""baseToken"":{""address"":""0x3B84CaCB7F66f9Ab9caca4Ac92112E9dB1821E02"",""name"":""Spectra Art"",""symbol"":""Spectra""},""chainId"":""base"",""dexId"":""uniswap"",""fdv"":54241,""info"":{""header"":""https://cdn.dexscreener.com/cms/images/Pl1l-RQ_OF6DhBY6?width=1500&height=500&quality=95&format=auto"",""imageUrl"":""https://cdn.dexscreener.com/cms/images/Avt0SlestREAuMN7?width=800&height=800&quality=95&format=auto"",""openGraph"":""https://cdn.dexscreener.com/token-images/og/base/0x3b84cacb7f66f9ab9caca4ac92112e9db1821e02?timestamp=1778166600000"",""socials"":[{""type"":""twitter"",""url"":""https://x.com/spectra_art_""}],""websites"":[]},""labels"":[""v4""],""liquidity"":{""base"":58589722781,""quote"":5.6604,""usd"":44892.63},""marketCap"":54241,""pairAddress"":""0x317354a6eb91877686afae7319c8d828c3ff675cf76c3d074eb365b34c242d6f"",""pairCreatedAt"":1778161311000,""priceChange"":{""h24"":167,""h6"":167},""priceNative"":""0.0000000002341"",""priceUsd"":""0.0000005424"",""quoteToken"":{""address"":""0x4200000000000000000000000000000000000006"",""name"":""Wrapped Ether"",""symbol"":""WETH""},""txns"":{""h1"":{""buys"":3,""sells"":1},""h24"":{""buys"":340,""sells"":224},""h6"":{""buys"":340,""sells"":224},""m5"":{""buys"":0,""sells"":0}},""url"":""https://dexscreener.com/base/0x317354a6eb91877686afae7319c8d828c3ff675cf76c3d074eb365b34c242d6f"",""volume"":{""h1"":209.31,""h24"":165129.99,""h6"":165129.99,""m5"":0}},""sells_h1"":1,""source_tags"":[""profile_latest""],""token_address"":""0x3B84CaCB7F66f9Ab9caca4Ac92112E9dB1821E02"",""volume_h1_usd"":209.31,""volume_h24_usd"":165129.99,""volume_h6_usd"":165129.99}"
19,2026-05-07T15:12:09+00:00,base,0x10c56F005a379f8eAfc88ff5c3f40d30F0031AC9,0x93e7c445d77E6506b77C869C469e4305c15c075B,0,[],"[""liquidity_below_min""]",v1.0,skipped_no_token,"{""base_name"":""Strike Robot"",""base_symbol"":""SR"",""boost_total_amount"":100.0,""buys_h1"":60,""chain_id"":""base"",""dex_id"":""uniswap"",""liquidity_usd"":258303.11,""observed_at"":""2026-05-07T15:12:09+00:00"",""pair_address"":""0x93e7c445d77E6506b77C869C469e4305c15c075B"",""pair_age_hours"":747.9939264811111,""pair_created_at"":""2026-04-06T11:12:31+00:00"",""price_change_h1_pct"":-10.91,""price_change_h24_pct"":-10.52,""price_usd"":0.00585,""quote_symbol"":""VIRTUAL"",""raw_json"":{""baseToken"":{""address"":""0x10c56F005a379f8eAfc88ff5c3f40d30F0031AC9"",""name"":""Strike Robot"",""symbol"":""SR""},""boosts"":{""active"":100},""chainId"":""base"",""dexId"":""uniswap"",""fdv"":5850128,""info"":{""header"":""https://cdn.dexscreener.com/cms/images/xaitxUi1I2Nam4S5?width=1500&height=500&quality=95&format=auto"",""imageUrl"":""https://cdn.dexscreener.com/cms/images/LLJfqC399vHTRkUY?width=800&height=800&quality=95&format=auto"",""openGraph"":""https://cdn.dexscreener.com/token-images/og/base/0x10c56f005a379f8eafc88ff5c3f40d30f0031ac9?timestamp=1778166600000"",""socials"":[{""type"":""twitter"",""url"":""https://x.com/StrikeRobot_ai""}],""websites"":[{""label"":""Website"",""url"":""https://strikerobot.ai/""},{""label"":""Docs"",""url"":""https://strikerobot.gitbook.io/strikerobot""},{""label"":""Github"",""url"":""https://github.com/orgs/StrikeRobot/repositories""}]},""labels"":[""v2""],""liquidity"":{""base"":22076704,""quote"":143497,""usd"":258303.11},""marketCap"":5850128,""pairAddress"":""0x93e7c445d77E6506b77C869C469e4305c15c075B"",""pairCreatedAt"":1775473951000,""priceChange"":{""h1"":-10.91,""h24"":-10.52,""h6"":-10.56,""m5"":-0.09},""priceNative"":""0.006499"",""priceUsd"":""0.005850"",""quoteToken"":{""address"":""0x0b3e328455c4059EEb9e3f84b5543F74E24e7E1b"",""name"":""Virtual Protocol"",""symbol"":""VIRTUAL""},""txns"":{""h1"":{""buys"":60,""sells"":42},""h24"":{""buys"":1512,""sells"":920},""h6"":{""buys"":324,""sells"":246},""m5"":{""buys"":1,""sells"":3}},""url"":""https://dexscreener.com/base/0x93e7c445d77e6506b77c869c469e4305c15c075b"",""volume"":{""h1"":16125.77,""h24"":658736.1,""h6"":139003.89,""m5"":56.68}},""sells_h1"":42,""source_tags"":[""boost_top""],""token_address"":""0x10c56F005a379f8eAfc88ff5c3f40d30F0031AC9"",""volume_h1_usd"":16125.77,""volume_h24_usd"":658736.1,""volume_h6_usd"":139003.89}"
20,2026-05-07T16:12:22+00:00,base,0x1Ce6c8e9c88fe8f365FF420ac83fa120bdC92675,0x607fe84926594f273d5dff3090d42480e436ab1dcecda1ab753c504babb0c19c,0,[],"[""liquidity_below_min"",""pair_too_young"",""h1_move_overextended""]",v1.0,skipped_no_token,"{""base_name"":""Hantavirus"",""base_symbol"":""HANTA"",""boost_total_amount"":null,""buys_h1"":277,""chain_id"":""base"",""dex_id"":""uniswap"",""liquidity_usd"":94035.97,""observed_at"":""2026-05-07T16:12:22+00:00"",""pair_address"":""0x607fe84926594f273d5dff3090d42480e436ab1dcecda1ab753c504babb0c19c"",""pair_age_hours"":0.2781514002777778,""pair_created_at"":""2026-05-07T15:55:41+00:00"",""price_change_h1_pct"":534.0,""price_change_h24_pct"":534.0,""price_usd"":1.492e-06,""quote_symbol"":""WETH"",""raw_json"":{""baseToken"":{""address"":""0x1Ce6c8e9c88fe8f365FF420ac83fa120bdC92675"",""name"":""Hantavirus"",""symbol"":""HANTA""},""chainId"":""base"",""dexId"":""uniswap"",""fdv"":149234,""info"":{""header"":""https://cdn.dexscreener.com/cms/images/3V5aZ13A5moD6gkx?width=1500&height=500&quality=95&format=auto"",""imageUrl"":""https://cdn.dexscreener.com/cms/images/D0avUsSSrd7JDs-I?width=800&height=800&quality=95&format=auto"",""openGraph"":""https://cdn.dexscreener.com/token-images/og/base/0x1ce6c8e9c88fe8f365ff420ac83fa120bdc92675?timestamp=1778170200000"",""socials"":[{""type"":""twitter"",""url"":""https://x.com/HantavirusBase""}],""websites"":[]},""labels"":[""v4""],""liquidity"":{""base"":38974576791,""quote"":15.6635,""usd"":94035.97},""marketCap"":149234,""pairAddress"":""0x607fe84926594f273d5dff3090d42480e436ab1dcecda1ab753c504babb0c19c"",""pairCreatedAt"":1778169341000,""priceChange"":{""h1"":534,""h24"":534,""h6"":534,""m5"":63.04},""priceNative"":""0.0000000006516"",""priceUsd"":""0.000001492"",""quoteToken"":{""address"":""0x4200000000000000000000000000000000000006"",""name"":""Wrapped Ether"",""symbol"":""WETH""},""txns"":{""h1"":{""buys"":277,""sells"":141},""h24"":{""buys"":277,""sells"":141},""h6"":{""buys"":277,""sells"":141},""m5"":{""buys"":81,""sells"":38}},""url"":""https://dexscreener.com/base/0x607fe84926594f273d5dff3090d42480e436ab1dcecda1ab753c504babb0c19c"",""volume"":{""h1"":137510.95,""h24"":137510.95,""h6"":137510.95,""m5"":41337.58}},""sells_h1"":141,""source_tags"":[""profile_latest""],""token_address"":""0x1Ce6c8e9c88fe8f365FF420ac83fa120bdC92675"",""volume_h1_usd"":137510.95,""volume_h24_usd"":137510.95,""volume_h6_usd"":137510.95}"
21,2026-05-07T16:12:22+00:00,base,0x6A7602bB307a661705b0f53DD493E6A5067E4778,0x37dF215c79EF81D7Aaf73D12B32F473f707cE0F0,0,[],"[""liquidity_below_min"",""volume_24h_below_min"",""pair_too_young"",""h1_move_overextended""]",v1.0,skipped_no_token,"{""base_name"":""Shade"",""base_symbol"":""SHADE"",""boost_total_amount"":null,""buys_h1"":127,""chain_id"":""base"",""dex_id"":""uniswap"",""liquidity_usd"":9148.94,""observed_at"":""2026-05-07T16:12:22+00:00"",""pair_address"":""0x37dF215c79EF81D7Aaf73D12B32F473f707cE0F0"",""pair_age_hours"":0.6364847336111111,""pair_created_at"":""2026-05-07T15:34:11+00:00"",""price_change_h1_pct"":270.0,""price_change_h24_pct"":270.0,""price_usd"":0.0001246,""quote_symbol"":""WETH"",""raw_json"":{""baseToken"":{""address"":""0x6A7602bB307a661705b0f53DD493E6A5067E4778"",""name"":""Shade"",""symbol"":""SHADE""},""chainId"":""base"",""dexId"":""uniswap"",""fdv"":12462,""info"":{""header"":""https://cdn.dexscreener.com/cms/images/qTzvCo8jkTfPgBnJ?width=1500&height=500&quality=95&format=auto"",""imageUrl"":""https://cdn.dexscreener.com/cms/images/UdTAVJte7PWUAWA3?width=800&height=800&quality=95&format=auto"",""openGraph"":""https://cdn.dexscreener.com/token-images/og/base/0x6a7602bb307a661705b0f53dd493e6a5067e4778?timestamp=1778170200000"",""socials"":[{""type"":""twitter"",""url"":""https://x.com/shadeonbase""},{""type"":""telegram"",""url"":""https://t.me/shadeonbase""}],""websites"":[{""label"":""Website"",""url"":""https://shadeonbase.com/""},{""label"":""Docs"",""url"":""https://docs.shadeonbase.com/""}]},""labels"":[""v2""],""liquidity"":{""base"":36707096,""quote"":1.9974,""usd"":9148.94},""marketCap"":12462,""pairAddress"":""0x37dF215c79EF81D7Aaf73D12B32F473f707cE0F0"",""pairCreatedAt"":1778168051000,""priceChange"":{""h1"":270,""h24"":270,""h6"":270,""m5"":14.36},""priceNative"":""0.00000005441"",""priceUsd"":""0.0001246"",""quoteToken"":{""address"":""0x4200000000000000000000000000000000000006"",""name"":""Wrapped Ether"",""symbol"":""WETH""},""txns"":{""h1"":{""buys"":127,""sells"":107},""h24"":{""buys"":127,""sells"":107},""h6"":{""buys"":127,""sells"":107},""m5"":{""buys"":5,""sells"":3}},""url"":""https://dexscreener.com/base/0x37df215c79ef81d7aaf73d12b32f473f707ce0f0"",""volume"":{""h1"":21094.53,""h24"":21094.53,""h6"":21094.53,""m5"":780.8}},""sells_h1"":107,""source_tags"":[""profile_latest""],""token_address"":""0x6A7602bB307a661705b0f53DD493E6A5067E4778"",""volume_h1_usd"":21094.53,""volume_h24_usd"":21094.53,""volume_h6_usd"":21094.53}"
22,2026-05-07T16:12:22+00:00,base,0xaB3dfbc50EF0f2175D192a75161FAcc2e73B02F6,0x39e6dd086c12bb4ea83ba4ef1b8c43de4f6d348eb2d2acc3f121499fb1b46c47,0,[],"[""liquidity_below_min"",""volume_24h_below_min"",""pair_too_young"",""h1_move_overextended""]",v1.0,skipped_no_token,"{""base_name"":""Pet Forge"",""base_symbol"":""PETS"",""boost_total_amount"":null,""buys_h1"":221,""chain_id"":""base"",""dex_id"":""uniswap"",""liquidity_usd"":27378.02,""observed_at"":""2026-05-07T16:12:22+00:00"",""pair_address"":""0x39e6dd086c12bb4ea83ba4ef1b8c43de4f6d348eb2d2acc3f121499fb1b46c47"",""pair_age_hours"":0.7153736225,""pair_created_at"":""2026-05-07T15:29:27+00:00"",""price_change_h1_pct"":220.0,""price_change_h24_pct"":220.0,""price_usd"":3.493e-07,""quote_symbol"":""flETH"",""raw_json"":{""baseToken"":{""address"":""0xaB3dfbc50EF0f2175D192a75161FAcc2e73B02F6"",""name"":""Pet Forge"",""symbol"":""PETS""},""chainId"":""base"",""dexId"":""uniswap"",""fdv"":34932,""info"":{""header"":""https://cdn.dexscreener.com/cms/images/cSZrst-0H9mflwAs?width=1500&height=500&quality=95&format=auto"",""imageUrl"":""https://cdn.dexscreener.com/cms/images/mV3AU_jU_FSK5pvD?width=800&height=800&quality=95&format=auto"",""openGraph"":""https://cdn.dexscreener.com/token-images/og/base/0xab3dfbc50ef0f2175d192a75161facc2e73b02f6?timestamp=1778170200000"",""socials"":[{""type"":""twitter"",""url"":""https://x.com/petforgefun""}],""websites"":[{""label"":""Website"",""url"":""https://petforge.fun""},{""label"":""Github"",""url"":""https://github.com/petforgeagent/petforge""},{""label"":""Buy PETS"",""url"":""https://flaunch.gg/base/coins/0xaB3dfbc50EF0f2175D192a75161FAcc2e73B02F6""}]},""labels"":[""v4""],""liquidity"":{""base"":53782216804,""quote"":3.7511,""usd"":27378.02},""marketCap"":34932,""pairAddress"":""0x39e6dd086c12bb4ea83ba4ef1b8c43de4f6d348eb2d2acc3f121499fb1b46c47"",""pairCreatedAt"":1778167767000,""priceChange"":{""h1"":220,""h24"":220,""h6"":220,""m5"":11.56},""priceNative"":""0.0000000001525"",""priceUsd"":""0.0000003493"",""quoteToken"":{""address"":""0x000000000D564D5be76f7f0d28fE52605afC7Cf8"",""name"":""flETH"",""symbol"":""flETH""},""txns"":{""h1"":{""buys"":221,""sells"":167},""h24"":{""buys"":221,""sells"":167},""h6"":{""buys"":221,""sells"":167},""m5"":{""buys"":59,""sells"":42}},""url"":""https://dexscreener.com/base/0x39e6dd086c12bb4ea83ba4ef1b8c43de4f6d348eb2d2acc3f121499fb1b46c47"",""volume"":{""h1"":71391.78,""h24"":71391.78,""h6"":71391.78,""m5"":22014.97}},""sells_h1"":167,""source_tags"":[""profile_latest""],""token_address"":""0xaB3dfbc50EF0f2175D192a75161FAcc2e73B02F6"",""volume_h1_usd"":71391.78,""volume_h24_usd"":71391.78,""volume_h6_usd"":71391.78}"
23,2026-05-07T16:12:22+00:00,base,0x10c56F005a379f8eAfc88ff5c3f40d30F0031AC9,0x93e7c445d77E6506b77C869C469e4305c15c075B,0,[],"[""liquidity_below_min""]",v1.0,skipped_no_token,"{""base_name"":""Strike Robot"",""base_symbol"":""SR"",""boost_total_amount"":100.0,""buys_h1"":54,""chain_id"":""base"",""dex_id"":""uniswap"",""liquidity_usd"":240436.13,""observed_at"":""2026-05-07T16:12:22+00:00"",""pair_address"":""0x93e7c445d77E6506b77C869C469e4305c15c075B"",""pair_age_hours"":748.9975958447221,""pair_created_at"":""2026-04-06T11:12:31+00:00"",""price_change_h1_pct"":-11.91,""price_change_h24_pct"":-22.41,""price_usd"":0.005153,""quote_symbol"":""VIRTUAL"",""raw_json"":{""baseToken"":{""address"":""0x10c56F005a379f8eAfc88ff5c3f40d30F0031AC9"",""name"":""Strike Robot"",""symbol"":""SR""},""boosts"":{""active"":100},""chainId"":""base"",""dexId"":""uniswap"",""fdv"":5153152,""info"":{""header"":""https://cdn.dexscreener.com/cms/images/xaitxUi1I2Nam4S5?width=1500&height=500&quality=95&format=auto"",""imageUrl"":""https://cdn.dexscreener.com/cms/images/LLJfqC399vHTRkUY?width=800&height=800&quality=95&format=auto"",""openGraph"":""https://cdn.dexscreener.com/token-images/og/base/0x10c56f005a379f8eafc88ff5c3f40d30f0031ac9?timestamp=1778170200000"",""socials"":[{""type"":""twitter"",""url"":""https://x.com/StrikeRobot_ai""}],""websites"":[{""label"":""Website"",""url"":""https://strikerobot.ai/""},{""label"":""Docs"",""url"":""https://strikerobot.gitbook.io/strikerobot""},{""label"":""Github"",""url"":""https://github.com/orgs/StrikeRobot/repositories""}]},""labels"":[""v2""],""liquidity"":{""base"":23329036,""quote"":135820,""usd"":240436.13},""marketCap"":5153152,""pairAddress"":""0x93e7c445d77E6506b77C869C469e4305c15c075B"",""pairCreatedAt"":1775473951000,""priceChange"":{""h1"":-11.91,""h24"":-22.41,""h6"":-21.92,""m5"":0.36},""priceNative"":""0.005821"",""priceUsd"":""0.005153"",""quoteToken"":{""address"":""0x0b3e328455c4059EEb9e3f84b5543F74E24e7E1b"",""name"":""Virtual Protocol"",""symbol"":""VIRTUAL""},""txns"":{""h1"":{""buys"":54,""sells"":35},""h24"":{""buys"":1511,""sells"":923},""h6"":{""buys"":349,""sells"":245},""m5"":{""buys"":7,""sells"":0}},""url"":""https://dexscreener.com/base/0x93e7c445d77e6506b77c869c469e4305c15c075b"",""volume"":{""h1"":7908.43,""h24"":656701.52,""h6"":108206.84,""m5"":144.86}},""sells_h1"":35,""source_tags"":[""boost_top""],""token_address"":""0x10c56F005a379f8eAfc88ff5c3f40d30F0031AC9"",""volume_h1_usd"":7908.43,""volume_h24_usd"":656701.52,""volume_h6_usd"":108206.84}"
24,2026-05-07T17:12:28+00:00,base,0xe618cedc81f845883c61D15297073e7463CbA4Af,0xc7b944cf3a0dfb1b7ddf773757f58763fcaa6e81a9e46d36b8ce89a3988fac76,0,[],"[""liquidity_below_min"",""volume_24h_below_min"",""pair_too_young"",""h1_move_overextended""]",v1.0,skipped_no_token,"{""base_name"":""Open Spec"",""base_symbol"":""SPEC"",""boost_total_amount"":null,""buys_h1"":231,""chain_id"":""base"",""dex_id"":""uniswap"",""liquidity_usd"":45942.75,""observed_at"":""2026-05-07T17:12:28+00:00"",""pair_address"":""0xc7b944cf3a0dfb1b7ddf773757f58763fcaa6e81a9e46d36b8ce89a3988fac76"",""pair_age_hours"":0.378617115,""pair_created_at"":""2026-05-07T16:49:45+00:00"",""price_change_h1_pct"":125.0,""price_change_h24_pct"":125.0,""price_usd"":5.17e-05,""quote_symbol"":""WETH"",""raw_json"":{""baseToken"":{""address"":""0xe618cedc81f845883c61D15297073e7463CbA4Af"",""name"":""Open Spec"",""symbol"":""SPEC""},""chainId"":""base"",""dexId"":""uniswap"",""fdv"":51703,""info"":{""header"":""https://cdn.dexscreener.com/cms/images/pnILDjlbCWzrdmNC?width=1500&height=500&quality=95&format=auto"",""imageUrl"":""https://cdn.dexscreener.com/cms/images/C8NNTuHfdKSJiLoW?width=800&height=800&quality=95&format=auto"",""openGraph"":""https://cdn.dexscreener.com/token-images/og/base/0xe618cedc81f845883c61d15297073e7463cba4af?timestamp=1778173800000"",""socials"":[{""type"":""twitter"",""url"":""https://x.com/TrySpecAI""}],""websites"":[]},""labels"":[""v4""],""liquidity"":{""base"":671041721,""quote"":4.9053,""usd"":45942.75},""marketCap"":51703,""pairAddress"":""0xc7b944cf3a0dfb1b7ddf773757f58763fcaa6e81a9e46d36b8ce89a3988fac76"",""pairCreatedAt"":1778172585000,""priceChange"":{""h1"":125,""h24"":125,""h6"":125,""m5"":-10.82},""priceNative"":""0.00000002254"",""priceUsd"":""0.00005170"",""quoteToken"":{""address"":""0x4200000000000000000000000000000000000006"",""name"":""Wrapped Ether"",""symbol"":""WETH""},""txns"":{""h1"":{""buys"":231,""sells"":149},""h24"":{""buys"":231,""sells"":149},""h6"":{""buys"":231,""sells"":149},""m5"":{""buys"":28,""sells"":24}},""url"":""https://dexscreener.com/base/0xc7b944cf3a0dfb1b7ddf773757f58763fcaa6e81a9e46d36b8ce89a3988fac76"",""volume"":{""h1"":68456.6,""h24"":68456.6,""h6"":68456.6,""m5"":11854.35}},""sells_h1"":149,""source_tags"":[""profile_latest""],""token_address"":""0xe618cedc81f845883c61D15297073e7463CbA4Af"",""volume_h1_usd"":68456.6,""volume_h24_usd"":68456.6,""volume_h6_usd"":68456.6}"
25,2026-05-07T17:12:28+00:00,base,0x22aaB1803d9B5ED57c4E34090884867F5fdaFbb7,0x2331812ae8a2aa0b93d84635b7367fa24515b031cef3059a30ac2adee7266b1a,0,[],"[""liquidity_below_min"",""pair_too_young""]",v1.0,skipped_no_token,"{""base_name"":""Gacha Fund"",""base_symbol"":""GACHA"",""boost_total_amount"":null,""buys_h1"":169,""chain_id"":""base"",""dex_id"":""uniswap"",""liquidity_usd"":135282.3,""observed_at"":""2026-05-07T17:12:28+00:00"",""pair_address"":""0x2331812ae8a2aa0b93d84635b7367fa24515b031cef3059a30ac2adee7266b1a"",""pair_age_hours"":3.033061559444444,""pair_created_at"":""2026-05-07T14:10:29+00:00"",""price_change_h1_pct"":-28.06,""price_change_h24_pct"":529.0,""price_usd"":2.575e-06,""quote_symbol"":""flETH"",""raw_json"":{""baseToken"":{""address"":""0x22aaB1803d9B5ED57c4E34090884867F5fdaFbb7"",""name"":""Gacha Fund"",""symbol"":""GACHA""},""chainId"":""base"",""dexId"":""uniswap"",""fdv"":257590,""info"":{""header"":""https://cdn.dexscreener.com/cms/images/IrA749JrzpHSfvR3?width=1500&height=500&quality=95&format=auto"",""imageUrl"":""https://cdn.dexscreener.com/cms/images/SwFOoE7_8DRep3Hy?width=800&height=800&quality=95&format=auto"",""openGraph"":""https://cdn.dexscreener.com/token-images/og/base/0x22aab1803d9b5ed57c4e34090884867f5fdafbb7?timestamp=1778173800000"",""socials"":[{""type"":""twitter"",""url"":""https://x.com/TheGachaGrid""}],""websites"":[{""label"":""Website"",""url"":""https://gacha.fund""}]},""labels"":[""v4""],""liquidity"":{""base"":31180359625,""quote"":23.9815,""usd"":135282.3},""marketCap"":257590,""pairAddress"":""0x2331812ae8a2aa0b93d84635b7367fa24515b031cef3059a30ac2adee7266b1a"",""pairCreatedAt"":1778163029000,""priceChange"":{""h1"":-28.06,""h24"":529,""h6"":529,""m5"":-0.48},""priceNative"":""0.000000001123"",""priceUsd"":""0.000002575"",""quoteToken"":{""address"":""0x000000000D564D5be76f7f0d28fE52605afC7Cf8"",""name"":""flETH"",""symbol"":""flETH""},""txns"":{""h1"":{""buys"":169,""sells"":88},""h24"":{""buys"":2102,""sells"":1407},""h6"":{""buys"":2102,""sells"":1407},""m5"":{""buys"":2,""sells"":3}},""url"":""https://dexscreener.com/base/0x2331812ae8a2aa0b93d84635b7367fa24515b031cef3059a30ac2adee7266b1a"",""volume"":{""h1"":86167.92,""h24"":1502125.69,""h6"":1502125.69,""m5"":1054.72}},""sells_h1"":88,""source_tags"":[""profile_latest""],""token_address"":""0x22aaB1803d9B5ED57c4E34090884867F5fdaFbb7"",""volume_h1_usd"":86167.92,""volume_h24_usd"":1502125.69,""volume_h6_usd"":1502125.69}"
26,2026-05-07T17:12:28+00:00,base,0x10c56F005a379f8eAfc88ff5c3f40d30F0031AC9,0x93e7c445d77E6506b77C869C469e4305c15c075B,0,[],"[""liquidity_below_min""]",v1.0,skipped_no_token,"{""base_name"":""Strike Robot"",""base_symbol"":""SR"",""boost_total_amount"":100.0,""buys_h1"":71,""chain_id"":""base"",""dex_id"":""uniswap"",""liquidity_usd"":252670.08,""observed_at"":""2026-05-07T17:12:28+00:00"",""pair_address"":""0x93e7c445d77E6506b77C869C469e4305c15c075B"",""pair_age_hours"":749.9991726705556,""pair_created_at"":""2026-04-06T11:12:31+00:00"",""price_change_h1_pct"":8.89,""price_change_h24_pct"":-21.73,""price_usd"":0.005671,""quote_symbol"":""VIRTUAL"",""raw_json"":{""baseToken"":{""address"":""0x10c56F005a379f8eAfc88ff5c3f40d30F0031AC9"",""name"":""Strike Robot"",""symbol"":""SR""},""boosts"":{""active"":100},""chainId"":""base"",""dexId"":""uniswap"",""fdv"":5671939,""info"":{""header"":""https://cdn.dexscreener.com/cms/images/xaitxUi1I2Nam4S5?width=1500&height=500&quality=95&format=auto"",""imageUrl"":""https://cdn.dexscreener.com/cms/images/LLJfqC399vHTRkUY?width=800&height=800&quality=95&format=auto"",""openGraph"":""https://cdn.dexscreener.com/token-images/og/base/0x10c56f005a379f8eafc88ff5c3f40d30f0031ac9?timestamp=1778173800000"",""socials"":[{""type"":""twitter"",""url"":""https://x.com/StrikeRobot_ai""}],""websites"":[{""label"":""Website"",""url"":""https://strikerobot.ai/""},{""label"":""Docs"",""url"":""https://strikerobot.gitbook.io/strikerobot""},{""label"":""Github"",""url"":""https://github.com/orgs/StrikeRobot/repositories""}]},""labels"":[""v2""],""liquidity"":{""base"":22273694,""quote"":142369,""usd"":252670.08},""marketCap"":5671939,""pairAddress"":""0x93e7c445d77E6506b77C869C469e4305c15c075B"",""pairCreatedAt"":1775473951000,""priceChange"":{""h1"":8.89,""h24"":-21.73,""h6"":-19.43,""m5"":-0.12},""priceNative"":""0.006391"",""priceUsd"":""0.005671"",""quoteToken"":{""address"":""0x0b3e328455c4059EEb9e3f84b5543F74E24e7E1b"",""name"":""Virtual Protocol"",""symbol"":""VIRTUAL""},""txns"":{""h1"":{""buys"":71,""sells"":39},""h24"":{""buys"":1518,""sells"":919},""h6"":{""buys"":363,""sells"":231},""m5"":{""buys"":0,""sells"":2}},""url"":""https://dexscreener.com/base/0x93e7c445d77e6506b77c869c469e4305c15c075b"",""volume"":{""h1"":31556.27,""h24"":659530.38,""h6"":106744.31,""m5"":14.66}},""sells_h1"":39,""source_tags"":[""boost_top""],""token_address"":""0x10c56F005a379f8eAfc88ff5c3f40d30F0031AC9"",""volume_h1_usd"":31556.27,""volume_h24_usd"":659530.38,""volume_h6_usd"":106744.31}"
27,2026-05-07T19:30:25+00:00,base,0x10c56F005a379f8eAfc88ff5c3f40d30F0031AC9,0x93e7c445d77E6506b77C869C469e4305c15c075B,0,[],"[""liquidity_below_min""]",v1.0,skipped_no_token,"{""base_name"":""Strike Robot"",""base_symbol"":""SR"",""boost_total_amount"":100.0,""buys_h1"":46,""chain_id"":""base"",""dex_id"":""uniswap"",""liquidity_usd"":271372.15,""observed_at"":""2026-05-07T19:30:25+00:00"",""pair_address"":""0x93e7c445d77E6506b77C869C469e4305c15c075B"",""pair_age_hours"":752.2985021297222,""pair_created_at"":""2026-04-06T11:12:31+00:00"",""price_change_h1_pct"":-0.18,""price_change_h24_pct"":-9.12,""price_usd"":0.006493,""quote_symbol"":""VIRTUAL"",""raw_json"":{""baseToken"":{""address"":""0x10c56F005a379f8eAfc88ff5c3f40d30F0031AC9"",""name"":""Strike Robot"",""symbol"":""SR""},""boosts"":{""active"":100},""chainId"":""base"",""dexId"":""uniswap"",""fdv"":6493684,""info"":{""header"":""https://cdn.dexscreener.com/cms/images/xaitxUi1I2Nam4S5?width=1500&height=500&quality=95&format=auto"",""imageUrl"":""https://cdn.dexscreener.com/cms/images/LLJfqC399vHTRkUY?width=800&height=800&quality=95&format=auto"",""openGraph"":""https://cdn.dexscreener.com/token-images/og/base/0x10c56f005a379f8eafc88ff5c3f40d30f0031ac9?timestamp=1778182200000"",""socials"":[{""type"":""twitter"",""url"":""https://x.com/StrikeRobot_ai""}],""websites"":[{""label"":""Website"",""url"":""https://strikerobot.ai/""},{""label"":""Docs"",""url"":""https://strikerobot.gitbook.io/strikerobot""},{""label"":""Github"",""url"":""https://github.com/orgs/StrikeRobot/repositories""}]},""labels"":[""v2""],""liquidity"":{""base"":20895083,""quote"":151811,""usd"":271372.15},""marketCap"":6493684,""pairAddress"":""0x93e7c445d77E6506b77C869C469e4305c15c075B"",""pairCreatedAt"":1775473951000,""priceChange"":{""h1"":-0.18,""h24"":-9.12,""h6"":-8.39,""m5"":0.52},""priceNative"":""0.007265"",""priceUsd"":""0.006493"",""quoteToken"":{""address"":""0x0b3e328455c4059EEb9e3f84b5543F74E24e7E1b"",""name"":""Virtual Protocol"",""symbol"":""VIRTUAL""},""txns"":{""h1"":{""buys"":46,""sells"":26},""h24"":{""buys"":1509,""sells"":937},""h6"":{""buys"":333,""sells"":205},""m5"":{""buys"":4,""sells"":1}},""url"":""https://dexscreener.com/base/0x93e7c445d77e6506b77c869c469e4305c15c075b"",""volume"":{""h1"":2544.46,""h24"":663586.22,""h6"":83318.9,""m5"":377.77}},""sells_h1"":26,""source_tags"":[""boost_top""],""token_address"":""0x10c56F005a379f8eAfc88ff5c3f40d30F0031AC9"",""volume_h1_usd"":2544.46,""volume_h24_usd"":663586.22,""volume_h6_usd"":83318.9}"
28,2026-05-07T19:44:40+00:00,base,0xA003FBBefBA3B2aC5Ff1A1dF6e7462970bDe4c06,0xdf8d9c839db7bd60891e50c4677acded4ad81a333a53a475df82a6959f627ae2,0,[],"[""liquidity_below_min"",""volume_24h_below_min"",""pair_too_young"",""h1_move_overextended""]",v1.0,skipped_no_token,"{""base_name"":""Falken Protocol"",""base_symbol"":""FALKEN"",""boost_total_amount"":null,""buys_h1"":150,""chain_id"":""base"",""dex_id"":""uniswap"",""liquidity_usd"":30259.46,""observed_at"":""2026-05-07T19:44:40+00:00"",""pair_address"":""0xdf8d9c839db7bd60891e50c4677acded4ad81a333a53a475df82a6959f627ae2"",""pair_age_hours"":0.47321358583333334,""pair_created_at"":""2026-05-07T19:16:17+00:00"",""price_change_h1_pct"":581.0,""price_change_h24_pct"":581.0,""price_usd"":5.005e-05,""quote_symbol"":""WETH"",""raw_json"":{""baseToken"":{""address"":""0xA003FBBefBA3B2aC5Ff1A1dF6e7462970bDe4c06"",""name"":""Falken Protocol"",""symbol"":""FALKEN""},""chainId"":""base"",""dexId"":""uniswap"",""fdv"":50050,""info"":{""header"":""https://cdn.dexscreener.com/cms/images/HJh54XlIMJ7jQQfv?width=1500&height=500&quality=95&format=auto"",""imageUrl"":""https://cdn.dexscreener.com/cms/images/oHdPaVl-lpYamcNw?width=800&height=800&quality=95&format=auto"",""openGraph"":""https://cdn.dexscreener.com/token-images/og/base/0xa003fbbefba3b2ac5ff1a1df6e7462970bde4c06?timestamp=1778183100000"",""socials"":[{""type"":""twitter"",""url"":""https://x.com/falken_protocol""}],""websites"":[]},""labels"":[""v4""],""liquidity"":{""base"":379376571,""quote"":4.9107,""usd"":30259.46},""marketCap"":50050,""pairAddress"":""0xdf8d9c839db7bd60891e50c4677acded4ad81a333a53a475df82a6959f627ae2"",""pairCreatedAt"":1778181377000,""priceChange"":{""h1"":581,""h24"":581,""h6"":581,""m5"":22.16},""priceNative"":""0.00000002180"",""priceUsd"":""0.00005005"",""quoteToken"":{""address"":""0x4200000000000000000000000000000000000006"",""name"":""Wrapped Ether"",""symbol"":""WETH""},""txns"":{""h1"":{""buys"":150,""sells"":173},""h24"":{""buys"":150,""sells"":173},""h6"":{""buys"":150,""sells"":173},""m5"":{""buys"":25,""sells"":21}},""url"":""https://dexscreener.com/base/0xdf8d9c839db7bd60891e50c4677acded4ad81a333a53a475df82a6959f627ae2"",""volume"":{""h1"":59685.97,""h24"":59685.97,""h6"":59685.97,""m5"":9222.83}},""sells_h1"":173,""source_tags"":[""profile_latest""],""token_address"":""0xA003FBBefBA3B2aC5Ff1A1dF6e7462970bDe4c06"",""volume_h1_usd"":59685.97,""volume_h24_usd"":59685.97,""volume_h6_usd"":59685.97}"
29,2026-05-07T19:44:40+00:00,base,0xD44Ca5905957a30dF04351EA48b7140256FAeb07,0x3f146efd354e48a233c080d4823dfa1e7e531be15999e8e36a96c50ba6131c4c,0,[],"[""liquidity_below_min"",""volume_24h_below_min"",""pair_too_young""]",v1.0,skipped_no_token,"{""base_name"":""Open Cloud Layer"",""base_symbol"":""OCL"",""boost_total_amount"":null,""buys_h1"":9,""chain_id"":""base"",""dex_id"":""uniswap"",""liquidity_usd"":77804.42,""observed_at"":""2026-05-07T19:44:40+00:00"",""pair_address"":""0x3f146efd354e48a233c080d4823dfa1e7e531be15999e8e36a96c50ba6131c4c"",""pair_age_hours"":2.0265469191666665,""pair_created_at"":""2026-05-07T17:43:05+00:00"",""price_change_h1_pct"":8.99,""price_change_h24_pct"":174.0,""price_usd"":8.061e-07,""quote_symbol"":""WETH"",""raw_json"":{""baseToken"":{""address"":""0xD44Ca5905957a30dF04351EA48b7140256FAeb07"",""name"":""Open Cloud Layer"",""symbol"":""OCL""},""chainId"":""base"",""dexId"":""uniswap"",""fdv"":80611,""info"":{""header"":""https://cdn.dexscreener.com/cms/images/aIr3PbdhjwX3SWRk?width=1500&height=500&quality=95&format=auto"",""imageUrl"":""https://cdn.dexscreener.com/cms/images/SzdAGQZepiAFlSyD?width=800&height=800&quality=95&format=auto"",""openGraph"":""https://cdn.dexscreener.com/token-images/og/base/0xd44ca5905957a30df04351ea48b7140256faeb07?timestamp=1778183100000"",""socials"":[{""type"":""twitter"",""url"":""https://x.com/opencloudlayer""}],""websites"":[{""label"":""Website"",""url"":""https://opencloudlayer.com""}]},""labels"":[""v4""],""liquidity"":{""base"":91955545439,""quote"":1.6024,""usd"":77804.42},""marketCap"":80611,""pairAddress"":""0x3f146efd354e48a233c080d4823dfa1e7e531be15999e8e36a96c50ba6131c4c"",""pairCreatedAt"":1778175785000,""priceChange"":{""h1"":8.99,""h24"":174,""h6"":174,""m5"":3.06},""priceNative"":""0.0000000003512"",""priceUsd"":""0.0000008061"",""quoteToken"":{""address"":""0x4200000000000000000000000000000000000006"",""name"":""Wrapped Ether"",""symbol"":""WETH""},""txns"":{""h1"":{""buys"":9,""sells"":20},""h24"":{""buys"":112,""sells"":232},""h6"":{""buys"":112,""sells"":232},""m5"":{""buys"":1,""sells"":1}},""url"":""https://dexscreener.com/base/0x3f146efd354e48a233c080d4823dfa1e7e531be15999e8e36a96c50ba6131c4c"",""volume"":{""h1"":2285.29,""h24"":36501.15,""h6"":36501.15,""m5"":112.02}},""sells_h1"":20,""source_tags"":[""profile_latest""],""token_address"":""0xD44Ca5905957a30dF04351EA48b7140256FAeb07"",""volume_h1_usd"":2285.29,""volume_h24_usd"":36501.15,""volume_h6_usd"":36501.15}"
30,2026-05-07T19:44:40+00:00,base,0x10c56F005a379f8eAfc88ff5c3f40d30F0031AC9,0x93e7c445d77E6506b77C869C469e4305c15c075B,0,[],"[""liquidity_below_min""]",v1.0,skipped_no_token,"{""base_name"":""Strike Robot"",""base_symbol"":""SR"",""boost_total_amount"":100.0,""buys_h1"":48,""chain_id"":""base"",""dex_id"":""uniswap"",""liquidity_usd"":272512.69,""observed_at"":""2026-05-07T19:44:40+00:00"",""pair_address"":""0x93e7c445d77E6506b77C869C469e4305c15c075B"",""pair_age_hours"":752.5359913636112,""pair_created_at"":""2026-04-06T11:12:31+00:00"",""price_change_h1_pct"":-0.69,""price_change_h24_pct"":-9.57,""price_usd"":0.006522,""quote_symbol"":""VIRTUAL"",""raw_json"":{""baseToken"":{""address"":""0x10c56F005a379f8eAfc88ff5c3f40d30F0031AC9"",""name"":""Strike Robot"",""symbol"":""SR""},""boosts"":{""active"":100},""chainId"":""base"",""dexId"":""uniswap"",""fdv"":6522190,""info"":{""header"":""https://cdn.dexscreener.com/cms/images/xaitxUi1I2Nam4S5?width=1500&height=500&quality=95&format=auto"",""imageUrl"":""https://cdn.dexscreener.com/cms/images/LLJfqC399vHTRkUY?width=800&height=800&quality=95&format=auto"",""openGraph"":""https://cdn.dexscreener.com/token-images/og/base/0x10c56f005a379f8eafc88ff5c3f40d30f0031ac9?timestamp=1778183100000"",""socials"":[{""type"":""twitter"",""url"":""https://x.com/StrikeRobot_ai""}],""websites"":[{""label"":""Website"",""url"":""https://strikerobot.ai/""},{""label"":""Docs"",""url"":""https://strikerobot.gitbook.io/strikerobot""},{""label"":""Github"",""url"":""https://github.com/orgs/StrikeRobot/repositories""}]},""labels"":[""v2""],""liquidity"":{""base"":20891195,""quote"":151840,""usd"":272512.69},""marketCap"":6522190,""pairAddress"":""0x93e7c445d77E6506b77C869C469e4305c15c075B"",""pairCreatedAt"":1775473951000,""priceChange"":{""h1"":-0.69,""h24"":-9.57,""h6"":-7.04,""m5"":0.02},""priceNative"":""0.007268"",""priceUsd"":""0.006522"",""quoteToken"":{""address"":""0x0b3e328455c4059EEb9e3f84b5543F74E24e7E1b"",""name"":""Virtual Protocol"",""symbol"":""VIRTUAL""},""txns"":{""h1"":{""buys"":48,""sells"":23},""h24"":{""buys"":1512,""sells"":937},""h6"":{""buys"":335,""sells"":198},""m5"":{""buys"":5,""sells"":0}},""url"":""https://dexscreener.com/base/0x93e7c445d77e6506b77c869c469e4305c15c075b"",""volume"":{""h1"":1921.4,""h24"":663548.74,""h6"":81794.13,""m5"":14.92}},""sells_h1"":23,""source_tags"":[""boost_top""],""token_address"":""0x10c56F005a379f8eAfc88ff5c3f40d30F0031AC9"",""volume_h1_usd"":1921.4,""volume_h24_usd"":663548.74,""volume_h6_usd"":81794.13}"
31,2026-05-07T21:16:07+00:00,base,0x10c56F005a379f8eAfc88ff5c3f40d30F0031AC9,0x93e7c445d77E6506b77C869C469e4305c15c075B,0,[],"[""liquidity_below_min""]",v1.0,skipped_no_token,"{""base_name"":""Strike Robot"",""base_symbol"":""SR"",""boost_total_amount"":100.0,""buys_h1"":14,""chain_id"":""base"",""dex_id"":""uniswap"",""liquidity_usd"":266416.28,""observed_at"":""2026-05-07T21:16:07+00:00"",""pair_address"":""0x93e7c445d77E6506b77C869C469e4305c15c075B"",""pair_age_hours"":754.0600983280556,""pair_created_at"":""2026-04-06T11:12:31+00:00"",""price_change_h1_pct"":0.88,""price_change_h24_pct"":-14.68,""price_usd"":0.006327,""quote_symbol"":""VIRTUAL"",""raw_json"":{""baseToken"":{""address"":""0x10c56F005a379f8eAfc88ff5c3f40d30F0031AC9"",""name"":""Strike Robot"",""symbol"":""SR""},""boosts"":{""active"":100},""chainId"":""base"",""dexId"":""uniswap"",""fdv"":6327399,""info"":{""header"":""https://cdn.dexscreener.com/cms/images/xaitxUi1I2Nam4S5?width=1500&height=500&quality=95&format=auto"",""imageUrl"":""https://cdn.dexscreener.com/cms/images/LLJfqC399vHTRkUY?width=800&height=800&quality=95&format=auto"",""openGraph"":""https://cdn.dexscreener.com/token-images/og/base/0x10c56f005a379f8eafc88ff5c3f40d30f0031ac9?timestamp=1778188500000"",""socials"":[{""type"":""twitter"",""url"":""https://x.com/StrikeRobot_ai""}],""websites"":[{""label"":""Website"",""url"":""https://strikerobot.ai/""},{""label"":""Docs"",""url"":""https://strikerobot.gitbook.io/strikerobot""},{""label"":""Github"",""url"":""https://github.com/orgs/StrikeRobot/repositories""}]},""labels"":[""v2""],""liquidity"":{""base"":21052590,""quote"":150705,""usd"":266416.28},""marketCap"":6327399,""pairAddress"":""0x93e7c445d77E6506b77C869C469e4305c15c075B"",""pairCreatedAt"":1775473951000,""priceChange"":{""h1"":0.88,""h24"":-14.68,""h6"":8.62},""priceNative"":""0.007158"",""priceUsd"":""0.006327"",""quoteToken"":{""address"":""0x0b3e328455c4059EEb9e3f84b5543F74E24e7E1b"",""name"":""Virtual Protocol"",""symbol"":""VIRTUAL""},""txns"":{""h1"":{""buys"":14,""sells"":10},""h24"":{""buys"":1474,""sells"":930},""h6"":{""buys"":283,""sells"":165},""m5"":{""buys"":0,""sells"":0}},""url"":""https://dexscreener.com/base/0x93e7c445d77e6506b77c869c469e4305c15c075b"",""volume"":{""h1"":4152.03,""h24"":670096.33,""h6"":63143.73,""m5"":0}},""sells_h1"":10,""source_tags"":[""boost_top""],""token_address"":""0x10c56F005a379f8eAfc88ff5c3f40d30F0031AC9"",""volume_h1_usd"":4152.03,""volume_h24_usd"":670096.33,""volume_h6_usd"":63143.73}"
32,2026-05-07T22:31:56+00:00,base,0xD88FD4a11255E51f64f78b4a7d74456325c2d8dC,0x8de32c3e440d497cd3b607555be1f6115717965fff56247c02976814edcf384f,0,[],"[""liquidity_below_min"",""volume_24h_below_min""]",v1.0,skipped_no_token,"{""base_name"":""BitVault Signal"",""base_symbol"":""BV7X"",""boost_total_amount"":50.0,""buys_h1"":8,""chain_id"":""base"",""dex_id"":""uniswap"",""liquidity_usd"":249937.69,""observed_at"":""2026-05-07T22:31:56+00:00"",""pair_address"":""0x8de32c3e440d497cd3b607555be1f6115717965fff56247c02976814edcf384f"",""pair_age_hours"":2285.421390483611,""pair_created_at"":""2026-02-01T17:06:39+00:00"",""price_change_h1_pct"":-1.07,""price_change_h24_pct"":17.51,""price_usd"":4.126e-06,""quote_symbol"":""WETH"",""raw_json"":{""baseToken"":{""address"":""0xD88FD4a11255E51f64f78b4a7d74456325c2d8dC"",""name"":""BitVault Signal"",""symbol"":""BV7X""},""boosts"":{""active"":50},""chainId"":""base"",""dexId"":""uniswap"",""fdv"":382659,""info"":{""header"":""https://cdn.dexscreener.com/cms/images/1a5S927IvFas9e1F?width=1500&height=500&quality=95&format=auto"",""imageUrl"":""https://cdn.dexscreener.com/cms/images/eeaea18ef559c9371422d148245cb63418a1c6aa0313e94799b7daa859eb230e?width=800&height=800&quality=95&format=auto"",""openGraph"":""https://cdn.dexscreener.com/token-images/og/base/0xd88fd4a11255e51f64f78b4a7d74456325c2d8dc?timestamp=1778193000000"",""socials"":[{""type"":""twitter"",""url"":""https://x.com/BV7X_""},{""type"":""telegram"",""url"":""https://t.me/BV7XOfficial""}],""websites"":[{""label"":""Website"",""url"":""https://mischa0x.com/bv7x""},{""label"":""Docs"",""url"":""https://docs.bv7x.ai/""},{""label"":""Testnet"",""url"":""https://bv7x.ai/testnet""},{""label"":""Virtuals"",""url"":""https://app.virtuals.io/acp/agent-details/3979""},{""label"":""Moltbook"",""url"":""https://moltbook.com/user/bv7x""},{""label"":""Agentgram"",""url"":""https://www.agentgram.fun/agents/agent_1770655188517_dri9fhx3d""},{""label"":""Moltx"",""url"":""https://moltx.io/BV7X""}]},""labels"":[""v4""],""liquidity"":{""base"":35864616498,""quote"":44.5672,""usd"":249937.69},""marketCap"":382659,""pairAddress"":""0x8de32c3e440d497cd3b607555be1f6115717965fff56247c02976814edcf384f"",""pairCreatedAt"":1769965599000,""priceChange"":{""h1"":-1.07,""h24"":17.51,""h6"":6.98,""m5"":0.35},""priceNative"":""0.000000001804"",""priceUsd"":""0.000004126"",""quoteToken"":{""address"":""0x4200000000000000000000000000000000000006"",""name"":""Wrapped Ether"",""symbol"":""WETH""},""txns"":{""h1"":{""buys"":8,""sells"":24},""h24"":{""buys"":259,""sells"":516},""h6"":{""buys"":67,""sells"":132},""m5"":{""buys"":3,""sells"":3}},""url"":""https://dexscreener.com/base/0x8de32c3e440d497cd3b607555be1f6115717965fff56247c02976814edcf384f"",""volume"":{""h1"":3829.28,""h24"":34708.94,""h6"":10788.55,""m5"":178.28}},""sells_h1"":24,""source_tags"":[""boost_latest""],""token_address"":""0xD88FD4a11255E51f64f78b4a7d74456325c2d8dC"",""volume_h1_usd"":3829.28,""volume_h24_usd"":34708.94,""volume_h6_usd"":10788.55}"
33,2026-05-07T22:31:56+00:00,base,0x10c56F005a379f8eAfc88ff5c3f40d30F0031AC9,0x93e7c445d77E6506b77C869C469e4305c15c075B,0,[],"[""liquidity_below_min""]",v1.0,skipped_no_token,"{""base_name"":""Strike Robot"",""base_symbol"":""SR"",""boost_total_amount"":100.0,""buys_h1"":9,""chain_id"":""base"",""dex_id"":""uniswap"",""liquidity_usd"":277132.11,""observed_at"":""2026-05-07T22:31:56+00:00"",""pair_address"":""0x93e7c445d77E6506b77C869C469e4305c15c075B"",""pair_age_hours"":755.3236127058334,""pair_created_at"":""2026-04-06T11:12:31+00:00"",""price_change_h1_pct"":6.85,""price_change_h24_pct"":-7.35,""price_usd"":0.006757,""quote_symbol"":""VIRTUAL"",""raw_json"":{""baseToken"":{""address"":""0x10c56F005a379f8eAfc88ff5c3f40d30F0031AC9"",""name"":""Strike Robot"",""symbol"":""SR""},""boosts"":{""active"":100},""chainId"":""base"",""dexId"":""uniswap"",""fdv"":6757804,""info"":{""header"":""https://cdn.dexscreener.com/cms/images/xaitxUi1I2Nam4S5?width=1500&height=500&quality=95&format=auto"",""imageUrl"":""https://cdn.dexscreener.com/cms/images/LLJfqC399vHTRkUY?width=800&height=800&quality=95&format=auto"",""openGraph"":""https://cdn.dexscreener.com/token-images/og/base/0x10c56f005a379f8eafc88ff5c3f40d30f0031ac9?timestamp=1778193000000"",""socials"":[{""type"":""twitter"",""url"":""https://x.com/StrikeRobot_ai""}],""websites"":[{""label"":""Website"",""url"":""https://strikerobot.ai/""},{""label"":""Docs"",""url"":""https://strikerobot.gitbook.io/strikerobot""},{""label"":""Github"",""url"":""https://github.com/orgs/StrikeRobot/repositories""}]},""labels"":[""v2""],""liquidity"":{""base"":20504598,""quote"":154806,""usd"":277132.11},""marketCap"":6757804,""pairAddress"":""0x93e7c445d77E6506b77C869C469e4305c15c075B"",""pairCreatedAt"":1775473951000,""priceChange"":{""h1"":6.85,""h24"":-7.35,""h6"":34.35,""m5"":0.19},""priceNative"":""0.007549"",""priceUsd"":""0.006757"",""quoteToken"":{""address"":""0x0b3e328455c4059EEb9e3f84b5543F74E24e7E1b"",""name"":""Virtual Protocol"",""symbol"":""VIRTUAL""},""txns"":{""h1"":{""buys"":9,""sells"":20},""h24"":{""buys"":1418,""sells"":918},""h6"":{""buys"":221,""sells"":134},""m5"":{""buys"":1,""sells"":0}},""url"":""https://dexscreener.com/base/0x93e7c445d77e6506b77c869c469e4305c15c075b"",""volume"":{""h1"":22527.77,""h24"":682176.58,""h6"":64909.57,""m5"":8.95}},""sells_h1"":20,""source_tags"":[""boost_top""],""token_address"":""0x10c56F005a379f8eAfc88ff5c3f40d30F0031AC9"",""volume_h1_usd"":22527.77,""volume_h24_usd"":682176.58,""volume_h6_usd"":64909.57}"
